country,revenue,quantity_sold,orders,customers,aov,revenue_share_pct
United Kingdom,17410196.12,9187753,36535,5350,476.53,85.03
EIRE,658767.31,336329,626,5,1052.34,3.22
Netherlands,554038.09,383879,228,22,2429.99,2.71
Germany,425019.71,225154,789,107,538.68,2.08
France,350456.09,271901,622,95,563.43,1.71
Australia,169283.46,103759,95,15,1781.93,0.83
Spain,108332.49,50307,154,41,703.46,0.53
Switzerland,100685.59,52762,93,22,1082.64,0.49
Sweden,91869.82,88633,105,19,874.95,0.45
Denmark,68580.69,237471,43,12,1594.9,0.33
Belgium,65387.82,34768,149,29,438.84,0.32
Norway,56322.5,23621,45,13,1251.61,0.28
Portugal,56283.53,27719,95,24,592.46,0.27
Channel Islands,44623.33,21396,55,13,811.33,0.22
Japan,43023.91,31643,33,10,1303.75,0.21
Italy,32108.17,15312,65,17,493.97,0.16
Finland,29925.54,14375,57,14,525.01,0.15
Singapore,25317.06,6994,11,1,2301.55,0.12
Cyprus,24849.95,10950,37,11,671.62,0.12
Hong Kong,23685.52,7021,15,0,1579.03,0.12
Austria,23613.01,11578,45,13,524.73,0.12
Greece,19096.19,7724,18,5,1060.9,0.09
Israel,11328.81,5538,10,4,1132.88,0.06
United Arab Emirates,11097.63,7321,16,4,693.6,0.05
Unspecified,10927.16,6729,24,6,455.3,0.05
Poland,10654.29,5688,28,6,380.51,0.05
USA,8366.86,5264,20,9,418.34,0.04
Malta,8099.09,2519,9,2,899.9,0.04
Iceland,4921.53,2967,8,1,615.19,0.02
Lithuania,4892.68,2306,6,1,815.45,0.02
Canada,4883.04,3657,8,5,610.38,0.02
RSA,4804.32,1970,4,2,1201.08,0.02
Bahrain,3109.79,1339,10,2,310.98,0.02
Thailand,3070.54,2552,2,1,1535.27,0.01
Lebanon,1905.58,458,2,1,952.79,0.01
Brazil,1411.87,545,2,2,705.93,0.01
European Community,1300.25,499,4,1,325.06,0.01
Bermuda,1253.14,2798,1,0,1253.14,0.01
Korea,1118.51,700,2,2,559.25,0.01
Czech Republic,826.74,671,2,1,413.37,0.0
West Indies,536.41,395,1,1,536.41,0.0
Saudi Arabia,145.92,80,1,1,145.92,0.0
Nigeria,140.39,103,2,1,70.19,0.0
