invoice_month,revenue,quantity_sold,orders,customers,aov
2009-12,822483.95,425461,1682,955,488.99
2010-01,651155.11,390672,1105,720,589.28
2010-02,551504.73,381879,1201,772,459.2
2010-03,830915.26,526026,1681,1057,494.3
2010-04,678875.25,366705,1462,942,464.35
2010-05,657705.5,395868,1500,966,438.47
2010-06,749537.31,406820,1645,1041,455.65
2010-07,648810.27,337895,1529,928,424.34
2010-08,695251.91,472380,1425,911,487.9
2010-09,921696.99,583864,1839,1145,501.19
2010-10,1161902.22,619996,2301,1497,504.96
2010-11,1464293.14,725161,2747,1607,533.05
2010-12,821452.73,358019,1559,885,526.91
2011-01,689811.61,387099,1086,741,635.19
2011-02,522545.56,282934,1100,758,475.04
2011-03,716215.26,376599,1454,974,492.58
2011-04,536968.49,307953,1246,856,430.95
2011-05,769296.61,395001,1681,1056,457.64
2011-06,760547.01,388511,1533,991,496.12
2011-07,718076.12,399693,1475,949,486.83
2011-08,757841.38,421020,1361,935,556.83
2011-09,1056435.19,569573,1837,1266,575.09
2011-10,1151263.73,621029,2040,1364,564.34
2011-11,1503866.78,751377,2769,1664,543.11
2011-12,637808.33,313613,819,615,778.76
