year_filter,country_filter,customer_type_filter,rank,customer_id,revenue,orders
All,All,All,1,18102,580987.04,145
All,All,All,2,14646,528602.52,151
All,All,All,3,14156,313437.62,156
All,All,All,4,14911,291420.81,398
All,All,All,5,17450,244784.25,51
All,All,All,6,13694,195640.69,143
All,All,All,7,17511,172132.87,60
All,All,All,8,16446,168472.5,2
All,All,All,9,16684,147142.77,55
All,All,All,10,12415,144458.37,28
All,All,One-time,1,13687,11880.84,1
All,All,One-time,2,12918,10953.5,1
All,All,One-time,3,18052,10877.18,1
All,All,One-time,4,12688,4873.81,1
All,All,One-time,5,16118,4376.25,1
All,All,One-time,6,12752,4366.78,1
All,All,One-time,7,15195,3861.0,1
All,All,One-time,8,12511,3084.02,1
All,All,One-time,9,13205,2803.2,1
All,All,One-time,10,13422,2626.3,1
All,All,Repeat,1,18102,580987.04,145
All,All,Repeat,2,14646,528602.52,151
All,All,Repeat,3,14156,313437.62,156
All,All,Repeat,4,14911,291420.81,398
All,All,Repeat,5,17450,244784.25,51
All,All,Repeat,6,13694,195640.69,143
All,All,Repeat,7,17511,172132.87,60
All,All,Repeat,8,16446,168472.5,2
All,All,Repeat,9,16684,147142.77,55
All,All,Repeat,10,12415,144458.37,28
All,Australia,All,1,12415,144458.37,28
All,Australia,All,2,12431,7699.79,21
All,Australia,All,3,12388,3901.11,8
All,Australia,All,4,12424,3340.03,4
All,Australia,All,5,12422,2808.1,8
All,Australia,All,6,12393,2399.4500000000003,6
All,Australia,All,7,12389,1433.33,3
All,Australia,All,8,12434,1103.43,3
All,Australia,All,9,16321,604.5500000000001,7
All,Australia,All,10,12386,401.9,2
All,Austria,All,1,12360,4252.89,8
All,Austria,All,2,12358,3887.07,5
All,Austria,All,3,12865,3323.4700000000003,4
All,Austria,All,4,12374,2989.2200000000003,4
All,Austria,All,5,12369,1791.15,3
All,Austria,All,6,12818,1542.08,1
All,Austria,All,7,12373,1127.65,3
All,Austria,All,8,12370,1051.82,4
All,Austria,All,9,12414,952.41,6
All,Austria,All,10,12440,859.2,2
All,Bahrain,All,1,12355,947.61,2
All,Bahrain,All,2,12353,406.76,2
All,Belgium,All,1,12380,9676.300000000001,11
All,Belgium,All,2,12417,6159.05,18
All,Belgium,All,3,12362,5356.23,11
All,Belgium,All,4,12395,4721.17,15
All,Belgium,All,5,12408,4340.7699999999995,8
All,Belgium,All,6,12876,4081.79,4
All,Belgium,All,7,12449,4067.29,4
All,Belgium,All,8,12431,2732.43,6
All,Belgium,All,9,12397,2409.9,2
All,Belgium,All,10,12423,2323.59,9
All,Brazil,All,1,12769,1143.6,1
All,Brazil,All,2,12751,268.27,1
All,Canada,All,1,17444,2940.04,3
All,Canada,All,2,15390,1216.66,2
All,Canada,All,3,17443,534.24,1
All,Canada,All,4,15388,140.54,1
All,Canada,All,5,17844,51.56,1
All,Channel Islands,All,1,14936,12410.81,12
All,Channel Islands,All,2,14442,5367.0199999999995,7
All,Channel Islands,All,3,14930,5236.7300000000005,6
All,Channel Islands,All,4,14566,4092.0,4
All,Channel Islands,All,5,14934,3503.5,5
All,Channel Islands,All,6,14935,2849.83,2
All,Channel Islands,All,7,14564,2605.62,2
All,Channel Islands,All,8,14938,2322.43,2
All,Channel Islands,All,9,14933,1770.0,4
All,Channel Islands,All,10,14937,1621.88,3
All,Cyprus,All,1,12359,8873.39,10
All,Cyprus,All,2,12455,5111.99,6
All,Cyprus,All,3,12370,3264.74,3
All,Cyprus,All,4,12391,2724.84,6
All,Cyprus,All,5,12439,1142.88,2
All,Cyprus,All,6,12368,917.6999999999999,1
All,Cyprus,All,7,13809,679.7,3
All,Cyprus,All,8,12365,641.38,2
All,Cyprus,All,9,12420,600.39,1
All,Cyprus,All,10,12366,500.24,1
All,Czech Republic,All,1,12781,826.74,2
All,Denmark,All,1,13902,34095.26,5
All,Denmark,All,2,12435,13925.93,6
All,Denmark,All,3,12406,6390.36,5
All,Denmark,All,4,12429,5766.43,7
All,Denmark,All,5,12412,2596.93,6
All,Denmark,All,6,13919,1360.68,4
All,Denmark,All,7,12372,1298.04,3
All,Denmark,All,8,12403,1019.36,2
All,Denmark,All,9,12394,891.4000000000001,1
All,Denmark,All,10,12449,768.6,2
All,EIRE,All,1,14156,313437.62,156
All,EIRE,All,2,14911,291420.81,398
All,EIRE,All,3,14016,11403.41,11
All,EIRE,All,4,12745,201.56,1
All,EIRE,All,5,16047,107.14,1
All,European Community,All,1,15108,1300.25,4
All,Finland,All,1,12428,7956.46,9
All,Finland,All,2,12664,6070.04,11
All,Finland,All,3,12631,3481.57,6
All,Finland,All,4,12704,2340.84,8
All,Finland,All,5,12348,2019.4,5
All,Finland,All,6,12582,1980.4,4
All,Finland,All,7,12405,1710.39,1
All,Finland,All,8,12630,1270.88,2
All,Finland,All,9,12588,958.78,4
All,Finland,All,10,12696,851.91,2
All,France,All,1,12678,34281.18,21
All,France,All,2,12681,29834.76,45
All,France,All,3,12731,25775.71,17
All,France,All,4,12682,22950.22,52
All,France,All,5,14277,17197.61,9
All,France,All,6,12714,14093.71,12
All,France,All,7,12583,13591.58,27
All,France,All,8,12437,12683.4,39
All,France,All,9,12536,12601.830000000002,3
All,France,All,10,12567,11767.48,15
All,Germany,All,1,12471,39918.19,79
All,Germany,All,2,12709,30291.76,34
All,Germany,All,3,12621,24311.2,35
All,Germany,All,4,12477,20276.37,9
All,Germany,All,5,12647,16955.55,36
All,Germany,All,6,12472,16249.289999999999,19
All,Germany,All,7,12476,14083.91,23
All,Germany,All,8,12474,12372.75,31
All,Germany,All,9,12481,12185.51,15
All,Germany,All,10,12705,11762.1,14
All,Greece,All,1,14439,9443.04,5
All,Greece,All,2,17508,4579.23,8
All,Greece,All,3,12511,3084.02,1
All,Greece,All,4,12717,1308.91,3
All,Greece,All,5,12478,680.99,1
All,Iceland,All,1,12347,4921.53,8
All,Israel,All,1,12688,4873.81,1
All,Israel,All,2,12653,4160.83,3
All,Israel,All,3,12666,1248.42,1
All,Israel,All,4,12512,132.18,2
All,Italy,All,1,12594,5090.110000000001,15
All,Italy,All,2,12578,4642.45,4
All,Italy,All,3,12349,4428.69,4
All,Italy,All,4,12584,2338.15,9
All,Italy,All,5,12725,2266.76,4
All,Italy,All,6,12610,2099.54,5
All,Italy,All,7,12586,2062.67,4
All,Italy,All,8,14912,1889.25,6
All,Italy,All,9,12514,1597.76,2
All,Italy,All,10,12591,1338.95,3
All,Japan,All,1,12753,21429.39,6
All,Japan,All,2,12798,8510.93,4
All,Japan,All,3,12755,5236.259999999999,11
All,Japan,All,4,12770,3246.45,2
All,Japan,All,5,12754,3010.74,3
All,Japan,All,6,12810,534.99,2
All,Japan,All,7,12763,494.08,2
All,Japan,All,8,12812,229.64000000000001,1
All,Japan,All,9,12799,219.35,1
All,Japan,All,10,12756,112.07999999999998,1
All,Korea,All,1,12767,949.82,1
All,Korea,All,2,12768,168.69000000000003,1
All,Lebanon,All,1,12764,1693.88,1
All,Lithuania,All,1,15332,4892.68,6
All,Malta,All,1,15480,6279.0,5
All,Malta,All,2,17828,1820.09,4
All,Netherlands,All,1,14646,528602.52,151
All,Netherlands,All,2,12759,5020.74,8
All,Netherlands,All,3,12806,2878.96,4
All,Netherlands,All,4,12802,2416.42,7
All,Netherlands,All,5,12778,1775.68,9
All,Netherlands,All,6,12813,1687.8,3
All,Netherlands,All,7,12775,1686.12,7
All,Netherlands,All,8,12805,1434.95,4
All,Netherlands,All,9,12765,1404.58,6
All,Netherlands,All,10,12803,1092.81,1
All,Nigeria,All,1,15702,140.39,2
All,Norway,All,1,12433,16794.14,10
All,Norway,All,2,15760,13916.34,2
All,Norway,All,3,12432,5059.32,5
All,Norway,All,4,12444,5005.46,5
All,Norway,All,5,12752,4366.78,1
All,Norway,All,6,12438,2906.85,2
All,Norway,All,7,12352,2849.84,10
All,Norway,All,8,15481,1993.34,1
All,Norway,All,9,12381,1845.31,5
All,Norway,All,10,12436,509.01000000000005,1
All,Poland,All,1,12779,6474.11,14
All,Poland,All,2,12576,2142.72,8
All,Poland,All,3,12815,1063.46,2
All,Poland,All,4,12816,572.2,2
All,Poland,All,5,12750,275.88,1
All,Poland,All,6,12814,125.92,1
All,Portugal,All,1,12758,9903.24,7
All,Portugal,All,2,12766,8918.99,9
All,Portugal,All,3,12757,7834.650000000001,13
All,Portugal,All,4,12356,6371.73,6
All,Portugal,All,5,12782,4618.24,11
All,Portugal,All,6,12783,2225.91,6
All,Portugal,All,7,12762,1898.52,2
All,Portugal,All,8,12784,1763.15,3
All,Portugal,All,9,12809,1755.94,3
All,Portugal,All,10,12425,1741.41,2
All,RSA,All,1,12446,1002.3100000000001,1
All,RSA,All,2,12396,931.43,1
All,Saudi Arabia,All,1,12565,145.92,1
All,Singapore,All,1,12744,25317.06,11
All,Spain,All,1,12540,22254.49,33
All,Spain,All,2,12557,18096.14,8
All,Spain,All,3,12454,16679.78,5
All,Spain,All,4,12539,11214.75,7
All,Spain,All,5,12484,6354.1,12
All,Spain,All,6,12510,5178.02,9
All,Spain,All,7,12597,3811.22,4
All,Spain,All,8,12502,3723.87,5
All,Spain,All,9,12507,1844.06,4
All,Spain,All,10,12462,1189.59,2
All,Sweden,All,1,17404,47781.12,23
All,Sweden,All,2,12482,23691.4,29
All,Sweden,All,3,12483,5097.18,19
All,Sweden,All,4,12676,2843.09,11
All,Sweden,All,5,12687,2138.91,2
All,Sweden,All,6,12629,1558.22,2
All,Sweden,All,7,12639,1312.37,3
All,Sweden,All,8,12801,1071.82,1
All,Sweden,All,9,12486,1037.28,1
All,Sweden,All,10,12697,957.59,3
All,Switzerland,All,1,12409,23419.29,7
All,Switzerland,All,2,12357,18287.66,3
All,Switzerland,All,3,12451,12669.88,8
All,Switzerland,All,4,13520,6606.0,11
All,Switzerland,All,5,12378,5416.32,2
All,Switzerland,All,6,13505,4393.63,4
All,Switzerland,All,7,12371,4067.38,5
All,Switzerland,All,8,12377,3426.32,4
All,Switzerland,All,9,12456,3181.04,3
All,Switzerland,All,10,13501,2885.11,3
All,Thailand,All,1,12469,3070.54,2
All,USA,All,1,12733,2424.87,4
All,USA,All,2,12607,1579.51,1
All,USA,All,3,12549,1575.68,6
All,USA,All,4,12646,1346.97,2
All,USA,All,5,12634,490.0,2
All,USA,All,6,12741,406.07,2
All,USA,All,7,12558,269.96,1
All,USA,All,8,12636,141.0,1
All,USA,All,9,12467,132.8,1
All,United Arab Emirates,All,1,17829,4756.74,5
All,United Arab Emirates,All,2,12739,2726.73,4
All,United Arab Emirates,All,3,12742,1201.52,1
All,United Arab Emirates,All,4,12979,517.7,1
All,United Kingdom,All,1,18102,580987.04,145
All,United Kingdom,All,2,17450,244784.25,51
All,United Kingdom,All,3,13694,195640.69,143
All,United Kingdom,All,4,17511,172132.87,60
All,United Kingdom,All,5,16446,168472.5,2
All,United Kingdom,All,6,16684,147142.77,55
All,United Kingdom,All,7,15061,126389.02,127
All,United Kingdom,All,8,16029,117763.62,107
All,United Kingdom,All,9,17949,117314.08,118
All,United Kingdom,All,10,15311,114966.42,208
All,Unspecified,All,1,16320,5628.99,6
All,Unspecified,All,2,14265,1373.35,4
All,Unspecified,All,3,12363,552.0,2
All,Unspecified,All,4,12743,540.13,2
All,Unspecified,All,5,12351,300.93,1
All,Unspecified,All,6,12470,211.95,1
All,West Indies,All,1,18140,536.41,1
All,Australia,One-time,1,12411,346.9,1
All,Australia,One-time,2,12392,234.75,1
All,Australia,One-time,3,12400,205.25,1
All,Australia,One-time,4,12416,202.56,1
All,Australia,One-time,5,12387,143.94,1
All,Australia,Repeat,1,12415,144458.37,28
All,Australia,Repeat,2,12431,7699.79,21
All,Australia,Repeat,3,12388,3901.11,8
All,Australia,Repeat,4,12424,3340.03,4
All,Australia,Repeat,5,12422,2808.1,8
All,Australia,Repeat,6,12393,2399.4500000000003,6
All,Australia,Repeat,7,12389,1433.33,3
All,Australia,Repeat,8,12434,1103.43,3
All,Australia,Repeat,9,16321,604.5500000000001,7
All,Australia,Repeat,10,12386,401.9,2
All,Austria,One-time,1,12818,1542.08,1
All,Austria,One-time,2,12453,707.09,1
All,Austria,Repeat,1,12360,4252.89,8
All,Austria,Repeat,2,12358,3887.07,5
All,Austria,Repeat,3,12865,3323.4700000000003,4
All,Austria,Repeat,4,12374,2989.2200000000003,4
All,Austria,Repeat,5,12369,1791.15,3
All,Austria,Repeat,6,12373,1127.65,3
All,Austria,Repeat,7,12370,1051.82,4
All,Austria,Repeat,8,12414,952.41,6
All,Austria,Repeat,9,12440,859.2,2
All,Austria,Repeat,10,12817,690.98,3
All,Bahrain,Repeat,1,12355,947.61,2
All,Bahrain,Repeat,2,12353,406.76,2
All,Belgium,One-time,1,12385,1938.4,1
All,Belgium,One-time,2,12390,549.84,1
All,Belgium,One-time,3,12447,476.49,1
All,Belgium,One-time,4,12460,326.65,1
All,Belgium,One-time,5,12401,84.3,1
All,Belgium,One-time,6,13022,65.3,1
All,Belgium,Repeat,1,12380,9676.300000000001,11
All,Belgium,Repeat,2,12417,6159.05,18
All,Belgium,Repeat,3,12362,5356.23,11
All,Belgium,Repeat,4,12395,4721.17,15
All,Belgium,Repeat,5,12408,4340.7699999999995,8
All,Belgium,Repeat,6,12876,4081.79,4
All,Belgium,Repeat,7,12449,4067.29,4
All,Belgium,Repeat,8,12431,2732.43,6
All,Belgium,Repeat,9,12397,2409.9,2
All,Belgium,Repeat,10,12423,2323.59,9
All,Brazil,One-time,1,12769,1143.6,1
All,Brazil,One-time,2,12751,268.27,1
All,Canada,One-time,1,17443,534.24,1
All,Canada,One-time,2,15388,140.54,1
All,Canada,One-time,3,17844,51.56,1
All,Canada,Repeat,1,17444,2940.04,3
All,Canada,Repeat,2,15390,1216.66,2
All,Channel Islands,One-time,1,14568,919.7,1
All,Channel Islands,Repeat,1,14936,12410.81,12
All,Channel Islands,Repeat,2,14442,5367.0199999999995,7
All,Channel Islands,Repeat,3,14930,5236.7300000000005,6
All,Channel Islands,Repeat,4,14566,4092.0,4
All,Channel Islands,Repeat,5,14934,3503.5,5
All,Channel Islands,Repeat,6,14935,2849.83,2
All,Channel Islands,Repeat,7,14564,2605.62,2
All,Channel Islands,Repeat,8,14938,2322.43,2
All,Channel Islands,Repeat,9,14933,1770.0,4
All,Channel Islands,Repeat,10,14937,1621.88,3
All,Cyprus,One-time,1,12368,917.6999999999999,1
All,Cyprus,One-time,2,12420,600.39,1
All,Cyprus,One-time,3,12366,500.24,1
All,Cyprus,Repeat,1,12359,8873.39,10
All,Cyprus,Repeat,2,12455,5111.99,6
All,Cyprus,Repeat,3,12370,3264.74,3
All,Cyprus,Repeat,4,12391,2724.84,6
All,Cyprus,Repeat,5,12439,1142.88,2
All,Cyprus,Repeat,6,13809,679.7,3
All,Cyprus,Repeat,7,12365,641.38,2
All,Cyprus,Repeat,8,12457,392.7,2
All,Czech Republic,Repeat,1,12781,826.74,2
All,Denmark,One-time,1,12367,168.9,1
All,Denmark,Repeat,1,13902,34095.26,5
All,Denmark,Repeat,2,12435,13925.93,6
All,Denmark,Repeat,3,12406,6390.36,5
All,Denmark,Repeat,4,12429,5766.43,7
All,Denmark,Repeat,5,12412,2596.93,6
All,Denmark,Repeat,6,13919,1360.68,4
All,Denmark,Repeat,7,12372,1298.04,3
All,Denmark,Repeat,8,12403,1019.36,2
All,Denmark,Repeat,9,12394,891.4000000000001,1
All,Denmark,Repeat,10,12449,768.6,2
All,EIRE,One-time,1,16047,107.14,1
All,EIRE,Repeat,1,14156,313437.62,156
All,EIRE,Repeat,2,14911,291420.81,398
All,EIRE,Repeat,3,14016,11403.41,11
All,EIRE,Repeat,4,12745,201.56,1
All,European Community,Repeat,1,15108,1300.25,4
All,Finland,One-time,1,12405,1710.39,1
All,Finland,One-time,2,12667,620.13,1
All,Finland,One-time,3,12587,144.0,1
All,Finland,One-time,4,12404,63.24,1
All,Finland,Repeat,1,12428,7956.46,9
All,Finland,Repeat,2,12664,6070.04,11
All,Finland,Repeat,3,12631,3481.57,6
All,Finland,Repeat,4,12704,2340.84,8
All,Finland,Repeat,5,12348,2019.4,5
All,Finland,Repeat,6,12582,1980.4,4
All,Finland,Repeat,7,12630,1270.88,2
All,Finland,Repeat,8,12588,958.78,4
All,Finland,Repeat,9,12696,851.91,2
All,Finland,Repeat,10,12375,457.5,2
All,France,One-time,1,12513,612.29,1
All,France,One-time,2,12707,603.4200000000001,1
All,France,One-time,3,12491,460.40000000000003,1
All,France,One-time,4,12564,456.9,1
All,France,One-time,5,12729,453.01,1
All,France,One-time,6,12579,440.42,1
All,France,One-time,7,12740,427.6,1
All,France,One-time,8,12690,389.01,1
All,France,One-time,9,12617,352.98,1
All,France,One-time,10,12532,349.83000000000004,1
All,France,Repeat,1,12678,34281.18,21
All,France,Repeat,2,12681,29834.76,45
All,France,Repeat,3,12731,25775.71,17
All,France,Repeat,4,12682,22950.22,52
All,France,Repeat,5,14277,17197.61,9
All,France,Repeat,6,12714,14093.71,12
All,France,Repeat,7,12583,13591.58,27
All,France,Repeat,8,12437,12683.4,39
All,France,Repeat,9,12536,12601.830000000002,3
All,France,Repeat,10,12567,11767.48,15
All,Germany,One-time,1,12671,2622.481,1
All,Germany,One-time,2,12501,2169.39,1
All,Germany,One-time,3,12534,1089.18,1
All,Germany,One-time,4,12713,848.55,1
All,Germany,One-time,5,12730,829.25,1
All,Germany,One-time,6,12603,739.1999999999999,1
All,Germany,One-time,7,12612,704.0400000000001,1
All,Germany,One-time,8,12658,686.05,1
All,Germany,One-time,9,12699,638.11,1
All,Germany,One-time,10,12521,599.68,1
All,Germany,Repeat,1,12471,39918.19,79
All,Germany,Repeat,2,12709,30291.76,34
All,Germany,Repeat,3,12621,24311.2,35
All,Germany,Repeat,4,12477,20276.37,9
All,Germany,Repeat,5,12647,16955.55,36
All,Germany,Repeat,6,12472,16249.289999999999,19
All,Germany,Repeat,7,12476,14083.91,23
All,Germany,Repeat,8,12474,12372.75,31
All,Germany,Repeat,9,12481,12185.51,15
All,Germany,Repeat,10,12705,11762.1,14
All,Greece,One-time,1,12511,3084.02,1
All,Greece,One-time,2,12478,680.99,1
All,Greece,Repeat,1,14439,9443.04,5
All,Greece,Repeat,2,17508,4579.23,8
All,Greece,Repeat,3,12717,1308.91,3
All,Iceland,Repeat,1,12347,4921.53,8
All,Israel,One-time,1,12688,4873.81,1
All,Israel,One-time,2,12666,1248.42,1
All,Israel,Repeat,1,12653,4160.83,3
All,Israel,Repeat,2,12512,132.18,2
All,Italy,One-time,1,12611,1193.32,1
All,Italy,One-time,2,12505,955.2,1
All,Italy,One-time,3,12515,383.7,1
All,Italy,One-time,4,12563,249.24,1
All,Italy,One-time,5,12618,177.31,1
All,Italy,Repeat,1,12594,5090.110000000001,15
All,Italy,Repeat,2,12578,4642.45,4
All,Italy,Repeat,3,12349,4428.69,4
All,Italy,Repeat,4,12584,2338.15,9
All,Italy,Repeat,5,12725,2266.76,4
All,Italy,Repeat,6,12610,2099.54,5
All,Italy,Repeat,7,12586,2062.67,4
All,Italy,Repeat,8,14912,1889.25,6
All,Italy,Repeat,9,12514,1597.76,2
All,Italy,Repeat,10,12591,1338.95,3
All,Japan,One-time,1,12812,229.64000000000001,1
All,Japan,One-time,2,12799,219.35,1
All,Japan,One-time,3,12756,112.07999999999998,1
All,Japan,Repeat,1,12753,21429.39,6
All,Japan,Repeat,2,12798,8510.93,4
All,Japan,Repeat,3,12755,5236.259999999999,11
All,Japan,Repeat,4,12770,3246.45,2
All,Japan,Repeat,5,12754,3010.74,3
All,Japan,Repeat,6,12810,534.99,2
All,Japan,Repeat,7,12763,494.08,2
All,Korea,One-time,1,12767,949.82,1
All,Korea,One-time,2,12768,168.69000000000003,1
All,Lebanon,One-time,1,12764,1693.88,1
All,Lithuania,Repeat,1,15332,4892.68,6
All,Malta,Repeat,1,15480,6279.0,5
All,Malta,Repeat,2,17828,1820.09,4
All,Netherlands,One-time,1,12803,1092.81,1
All,Netherlands,One-time,2,12786,728.5,1
All,Netherlands,One-time,3,12796,381.0,1
All,Netherlands,One-time,4,12760,347.8,1
All,Netherlands,One-time,5,12780,337.4,1
All,Netherlands,One-time,6,12774,98.7,1
All,Netherlands,Repeat,1,14646,528602.52,151
All,Netherlands,Repeat,2,12759,5020.74,8
All,Netherlands,Repeat,3,12806,2878.96,4
All,Netherlands,Repeat,4,12802,2416.42,7
All,Netherlands,Repeat,5,12778,1775.68,9
All,Netherlands,Repeat,6,12813,1687.8,3
All,Netherlands,Repeat,7,12775,1686.12,7
All,Netherlands,Repeat,8,12805,1434.95,4
All,Netherlands,Repeat,9,12765,1404.58,6
All,Netherlands,Repeat,10,12791,863.51,6
All,Nigeria,Repeat,1,15702,140.39,2
All,Norway,One-time,1,12752,4366.78,1
All,Norway,One-time,2,15481,1993.34,1
All,Norway,One-time,3,12436,509.01000000000005,1
All,Norway,One-time,4,12443,485.31,1
All,Norway,One-time,5,12350,334.4,1
All,Norway,One-time,6,12430,256.4,1
All,Norway,Repeat,1,12433,16794.14,10
All,Norway,Repeat,2,15760,13916.34,2
All,Norway,Repeat,3,12432,5059.32,5
All,Norway,Repeat,4,12444,5005.46,5
All,Norway,Repeat,5,12438,2906.85,2
All,Norway,Repeat,6,12352,2849.84,10
All,Norway,Repeat,7,12381,1845.31,5
All,Poland,One-time,1,12750,275.88,1
All,Poland,One-time,2,12814,125.92,1
All,Poland,Repeat,1,12779,6474.11,14
All,Poland,Repeat,2,12576,2142.72,8
All,Poland,Repeat,3,12815,1063.46,2
All,Poland,Repeat,4,12816,572.2,2
All,Portugal,One-time,1,12772,892.47,1
All,Portugal,One-time,2,12795,430.48,1
All,Portugal,One-time,3,12771,282.3,1
All,Portugal,One-time,4,12773,124.25,1
All,Portugal,One-time,5,16291,117.72,1
All,Portugal,One-time,6,12776,55.5,1
All,Portugal,Repeat,1,12758,9903.24,7
All,Portugal,Repeat,2,12766,8918.99,9
All,Portugal,Repeat,3,12757,7834.650000000001,13
All,Portugal,Repeat,4,12356,6371.73,6
All,Portugal,Repeat,5,12782,4618.24,11
All,Portugal,Repeat,6,12783,2225.91,6
All,Portugal,Repeat,7,12762,1898.52,2
All,Portugal,Repeat,8,12784,1763.15,3
All,Portugal,Repeat,9,12809,1755.94,3
All,Portugal,Repeat,10,12425,1741.41,2
All,RSA,One-time,1,12446,1002.3100000000001,1
All,RSA,One-time,2,12396,931.43,1
All,Saudi Arabia,One-time,1,12565,145.92,1
All,Singapore,Repeat,1,12744,25317.06,11
All,Spain,One-time,1,12503,1126.0,1
All,Spain,One-time,2,12354,1079.4,1
All,Spain,One-time,3,12543,980.25,1
All,Spain,One-time,4,12550,964.8299999999999,1
All,Spain,One-time,5,12554,468.5,1
All,Spain,One-time,6,12459,454.36,1
All,Spain,One-time,7,12448,449.45,1
All,Spain,One-time,8,12544,372.7,1
All,Spain,One-time,9,12442,172.06,1
All,Spain,One-time,10,12551,168.0,1
All,Spain,Repeat,1,12540,22254.49,33
All,Spain,Repeat,2,12557,18096.14,8
All,Spain,Repeat,3,12454,16679.78,5
All,Spain,Repeat,4,12539,11214.75,7
All,Spain,Repeat,5,12484,6354.1,12
All,Spain,Repeat,6,12510,5178.02,9
All,Spain,Repeat,7,12597,3811.22,4
All,Spain,Repeat,8,12502,3723.87,5
All,Spain,Repeat,9,12507,1844.06,4
All,Spain,Repeat,10,12462,1189.59,2
All,Sweden,One-time,1,12801,1071.82,1
All,Sweden,One-time,2,12486,1037.28,1
All,Sweden,One-time,3,12537,732.94,1
All,Sweden,One-time,4,12485,708.1,1
All,Sweden,One-time,5,12495,357.4,1
All,Sweden,One-time,6,12715,343.36,1
All,Sweden,One-time,7,12807,330.35,1
All,Sweden,One-time,8,12487,285.29999999999995,1
All,Sweden,One-time,9,12641,185.89999999999998,1
All,Sweden,One-time,10,12661,162.0,1
All,Sweden,Repeat,1,17404,47781.12,23
All,Sweden,Repeat,2,12482,23691.4,29
All,Sweden,Repeat,3,12483,5097.18,19
All,Sweden,Repeat,4,12676,2843.09,11
All,Sweden,Repeat,5,12687,2138.91,2
All,Sweden,Repeat,6,12629,1558.22,2
All,Sweden,Repeat,7,12639,1312.37,3
All,Sweden,Repeat,8,12697,957.59,3
All,Sweden,Repeat,9,12638,921.49,2
All,Switzerland,One-time,1,12398,1635.66,1
All,Switzerland,Repeat,1,12409,23419.29,7
All,Switzerland,Repeat,2,12357,18287.66,3
All,Switzerland,Repeat,3,12451,12669.88,8
All,Switzerland,Repeat,4,13520,6606.0,11
All,Switzerland,Repeat,5,12378,5416.32,2
All,Switzerland,Repeat,6,13505,4393.63,4
All,Switzerland,Repeat,7,12371,4067.38,5
All,Switzerland,Repeat,8,12377,3426.32,4
All,Switzerland,Repeat,9,12456,3181.04,3
All,Switzerland,Repeat,10,13501,2885.11,3
All,Thailand,Repeat,1,12469,3070.54,2
All,USA,One-time,1,12607,1579.51,1
All,USA,One-time,2,12558,269.96,1
All,USA,One-time,3,12636,141.0,1
All,USA,One-time,4,12467,132.8,1
All,USA,Repeat,1,12733,2424.87,4
All,USA,Repeat,2,12549,1575.68,6
All,USA,Repeat,3,12646,1346.97,2
All,USA,Repeat,4,12634,490.0,2
All,USA,Repeat,5,12741,406.07,2
All,United Arab Emirates,One-time,1,12742,1201.52,1
All,United Arab Emirates,One-time,2,12979,517.7,1
All,United Arab Emirates,Repeat,1,17829,4756.74,5
All,United Arab Emirates,Repeat,2,12739,2726.73,4
All,United Kingdom,One-time,1,13687,11880.84,1
All,United Kingdom,One-time,2,12918,10953.5,1
All,United Kingdom,One-time,3,18052,10877.18,1
All,United Kingdom,One-time,4,16118,4376.25,1
All,United Kingdom,One-time,5,15195,3861.0,1
All,United Kingdom,One-time,6,13205,2803.2,1
All,United Kingdom,One-time,7,13422,2626.3,1
All,United Kingdom,One-time,8,17313,2328.84,1
All,United Kingdom,One-time,9,16077,2300.4,1
All,United Kingdom,One-time,10,17305,2135.46,1
All,United Kingdom,Repeat,1,18102,580987.04,145
All,United Kingdom,Repeat,2,17450,244784.25,51
All,United Kingdom,Repeat,3,13694,195640.69,143
All,United Kingdom,Repeat,4,17511,172132.87,60
All,United Kingdom,Repeat,5,16446,168472.5,2
All,United Kingdom,Repeat,6,16684,147142.77,55
All,United Kingdom,Repeat,7,15061,126389.02,127
All,United Kingdom,Repeat,8,16029,117763.62,107
All,United Kingdom,Repeat,9,17949,117314.08,118
All,United Kingdom,Repeat,10,15311,114966.42,208
All,Unspecified,One-time,1,12351,300.93,1
All,Unspecified,One-time,2,12470,211.95,1
All,Unspecified,Repeat,1,16320,5628.99,6
All,Unspecified,Repeat,2,14265,1373.35,4
All,Unspecified,Repeat,3,12363,552.0,2
All,Unspecified,Repeat,4,12743,540.13,2
All,West Indies,One-time,1,18140,536.41,1
2009,All,All,1,18102,41005.74,9
2009,All,All,2,13694,20427.91,12
2009,All,All,3,14646,14696.47,5
2009,All,All,4,15061,14312.539999999999,9
2009,All,All,5,14156,11051.220000000001,7
2009,All,All,6,15311,9364.289999999999,14
2009,All,All,7,17511,8367.81,2
2009,All,All,8,17850,7411.14,15
2009,All,All,9,13777,7125.04,5
2009,All,All,10,14911,7119.24,9
2010,All,All,1,18102,308158.61,80
2010,All,All,2,14646,242291.91,75
2010,All,All,3,14156,185498.52,95
2010,All,All,4,14911,148328.34,201
2010,All,All,5,13694,113070.2,83
2010,All,All,6,16684,80716.29,28
2010,All,All,7,17511,79413.76,30
2010,All,All,8,15061,77493.0,82
2010,All,All,9,16754,65500.07,29
2010,All,All,10,13089,57479.54,109
2011,All,All,1,14646,271614.14,71
2011,All,All,2,18102,231822.69,56
2011,All,All,3,17450,192361.95,44
2011,All,All,4,16446,168472.5,2
2011,All,All,5,14911,135973.23,188
2011,All,All,6,12415,124914.53,21
2011,All,All,7,14156,116887.88,54
2011,All,All,8,17511,84351.3,28
2011,All,All,9,12346,77183.6,1
2011,All,All,10,16029,67738.31999999999,57
2009,All,One-time,1,13204,966.6600000000001,1
2009,All,One-time,2,12979,517.7,1
2009,All,One-time,3,12443,485.31,1
2009,All,One-time,4,18201,447.53000000000003,1
2009,All,One-time,5,14123,436.18,1
2009,All,One-time,6,17178,432.96,1
2009,All,One-time,7,14042,431.98,1
2009,All,One-time,8,14979,429.66,1
2009,All,One-time,9,17103,424.3,1
2009,All,One-time,10,16541,424.03,1
2009,All,Repeat,1,18102,41005.74,9
2009,All,Repeat,2,13694,20427.91,12
2009,All,Repeat,3,14646,14696.47,5
2009,All,Repeat,4,15061,14312.539999999999,9
2009,All,Repeat,5,14156,11051.220000000001,7
2009,All,Repeat,6,15311,9364.289999999999,14
2009,All,Repeat,7,17511,8367.81,2
2009,All,Repeat,8,17850,7411.14,15
2009,All,Repeat,9,13777,7125.04,5
2009,All,Repeat,10,14911,7119.24,9
2010,All,One-time,1,13687,11880.84,1
2010,All,One-time,2,12918,10953.5,1
2010,All,One-time,3,18052,10877.18,1
2010,All,One-time,4,16118,4376.25,1
2010,All,One-time,5,12511,3084.02,1
2010,All,One-time,6,13205,2803.2,1
2010,All,One-time,7,12671,2622.481,1
2010,All,One-time,8,16077,2300.4,1
2010,All,One-time,9,17305,2135.46,1
2010,All,One-time,10,15481,1993.34,1
2010,All,Repeat,1,18102,308158.61,80
2010,All,Repeat,2,14646,242291.91,75
2010,All,Repeat,3,14156,185498.52,95
2010,All,Repeat,4,14911,148328.34,201
2010,All,Repeat,5,13694,113070.2,83
2010,All,Repeat,6,16684,80716.29,28
2010,All,Repeat,7,17511,79413.76,30
2010,All,Repeat,8,15061,77493.0,82
2010,All,Repeat,9,16754,65500.07,29
2010,All,Repeat,10,13089,57479.54,109
2011,All,One-time,1,12688,4873.81,1
2011,All,One-time,2,12752,4366.78,1
2011,All,One-time,3,15195,3861.0,1
2011,All,One-time,4,13422,2626.3,1
2011,All,One-time,5,17313,2328.84,1
2011,All,One-time,6,12501,2169.39,1
2011,All,One-time,7,17846,2033.1,1
2011,All,One-time,8,14887,1862.0,1
2011,All,One-time,9,16152,1829.04,1
2011,All,One-time,10,16751,1764.72,1
2011,All,Repeat,1,14646,271614.14,71
2011,All,Repeat,2,18102,231822.69,56
2011,All,Repeat,3,17450,192361.95,44
2011,All,Repeat,4,16446,168472.5,2
2011,All,Repeat,5,14911,135973.23,188
2011,All,Repeat,6,12415,124914.53,21
2011,All,Repeat,7,14156,116887.88,54
2011,All,Repeat,8,17511,84351.3,28
2011,All,Repeat,9,12346,77183.6,1
2011,All,Repeat,10,16029,67738.31999999999,57
2009,Australia,All,1,16321,196.10000000000002,1
2009,Australia,All,2,12422,75.0,1
2009,Austria,All,1,12358,1429.83,1
2009,Austria,All,2,12440,568.51,1
2009,Belgium,All,1,12417,317.6,2
2009,Belgium,All,2,12362,130.0,1
2009,Channel Islands,All,1,14564,989.18,1
2009,Cyprus,All,1,12455,1636.43,1
2009,Cyprus,All,2,12439,1066.36,1
2009,Cyprus,All,3,12359,838.89,2
2009,Denmark,All,1,12435,1008.0,1
2009,Denmark,All,2,13902,429.66,1
2009,EIRE,All,1,14156,11051.220000000001,7
2009,EIRE,All,2,14911,7119.24,9
2009,Finland,All,1,12664,549.08,1
2009,France,All,1,12683,1233.36,2
2009,France,All,2,12682,1072.95,3
2009,France,All,3,12681,1014.54,1
2009,France,All,4,12583,817.4399999999999,1
2009,France,All,5,12714,682.65,1
2009,France,All,6,12490,603.94,1
2009,France,All,7,12437,578.28,1
2009,France,All,8,14277,233.42,1
2009,France,All,9,12577,210.55,1
2009,France,All,10,12523,74.56,1
2009,Germany,All,1,12471,3281.22,7
2009,Germany,All,2,12709,1412.6799999999998,2
2009,Germany,All,3,12613,1333.1100000000001,1
2009,Germany,All,4,12472,1286.43,1
2009,Germany,All,5,12533,929.92,1
2009,Germany,All,6,12600,433.89,2
2009,Germany,All,7,12712,333.8,1
2009,Germany,All,8,12609,330.6,1
2009,Germany,All,9,13813,283.15,1
2009,Germany,All,10,12708,205.47,1
2009,Greece,All,1,17508,610.95,1
2009,Italy,All,1,12586,422.35,1
2009,Netherlands,All,1,14646,14696.47,5
2009,Netherlands,All,2,12759,508.26,1
2009,Norway,All,1,12443,485.31,1
2009,Poland,All,1,12779,371.82,1
2009,Portugal,All,1,12758,2454.68,1
2009,Portugal,All,2,12785,366.9,1
2009,Spain,All,1,12539,5149.06,2
2009,Spain,All,2,12557,1952.64,1
2009,Spain,All,3,12510,435.88,1
2009,Spain,All,4,12540,412.6,1
2009,Sweden,All,1,12487,285.29999999999995,1
2009,Switzerland,All,1,13520,589.4,1
2009,USA,All,1,12636,141.0,1
2009,United Arab Emirates,All,1,12979,517.7,1
2009,United Kingdom,All,1,18102,41005.74,9
2009,United Kingdom,All,2,13694,20427.91,12
2009,United Kingdom,All,3,15061,14312.539999999999,9
2009,United Kingdom,All,4,15311,9364.289999999999,14
2009,United Kingdom,All,5,17511,8367.81,2
2009,United Kingdom,All,6,17850,7411.14,15
2009,United Kingdom,All,7,13777,7125.04,5
2009,United Kingdom,All,8,16779,6712.400000000001,6
2009,United Kingdom,All,9,14063,6701.599999999999,4
2009,United Kingdom,All,10,17949,5749.56,10
2010,Australia,All,1,12415,19543.84,7
2010,Australia,All,2,12431,2959.07,10
2010,Australia,All,3,12422,2346.9,5
2010,Australia,All,4,12424,1579.07,2
2010,Australia,All,5,12389,1433.33,3
2010,Australia,All,6,12388,1120.45,2
2010,Australia,All,7,12393,816.85,2
2010,Australia,All,8,12411,346.9,1
2010,Australia,All,9,12434,297.29,1
2010,Australia,All,10,12386,258.9,1
2010,Austria,All,1,12374,2246.29,3
2010,Austria,All,2,12369,1791.15,3
2010,Austria,All,3,12865,1755.24,2
2010,Austria,All,4,12360,1590.83,5
2010,Austria,All,5,12358,1289.18,2
2010,Austria,All,6,12370,1051.82,4
2010,Austria,All,7,12373,763.0500000000001,2
2010,Austria,All,8,12817,524.94,2
2010,Austria,All,9,12414,390.0,3
2010,Austria,All,10,12440,290.69,1
2010,Bahrain,All,1,12355,488.21000000000004,1
2010,Bahrain,All,2,12353,317.76,1
2010,Belgium,All,1,12380,6951.49,7
2010,Belgium,All,2,12417,2919.99,9
2010,Belgium,All,3,12395,2382.46,5
2010,Belgium,All,4,12385,1938.4,1
2010,Belgium,All,5,12876,1863.77,2
2010,Belgium,All,6,12431,1759.65,4
2010,Belgium,All,7,12408,1452.22,3
2010,Belgium,All,8,12402,1031.3,5
2010,Belgium,All,9,12874,948.42,2
2010,Belgium,All,10,12399,853.65,3
2010,Brazil,All,1,12751,268.27,1
2010,Canada,All,1,15390,1216.66,2
2010,Channel Islands,All,1,14936,4273.79,4
2010,Channel Islands,All,2,14442,3777.2,5
2010,Channel Islands,All,3,14930,2873.77,3
2010,Channel Islands,All,4,14566,2660.0,3
2010,Channel Islands,All,5,14938,2322.43,2
2010,Channel Islands,All,6,14933,1770.0,4
2010,Channel Islands,All,7,14564,1616.44,1
2010,Channel Islands,All,8,14934,1612.56,3
2010,Channel Islands,All,9,14935,1065.12,1
2010,Channel Islands,All,10,14568,919.7,1
2010,Cyprus,All,1,12391,2285.18,5
2010,Cyprus,All,2,12455,1776.6599999999999,3
2010,Cyprus,All,3,12359,1724.47,4
2010,Cyprus,All,4,12370,1587.07,1
2010,Cyprus,All,5,12368,917.6999999999999,1
2010,Cyprus,All,6,13809,524.65,2
2010,Cyprus,All,7,12366,500.24,1
2010,Cyprus,All,8,12439,76.52000000000001,1
2010,Denmark,All,1,13902,33665.6,4
2010,Denmark,All,2,12435,5088.04,3
2010,Denmark,All,3,12429,3735.51,5
2010,Denmark,All,4,12406,2975.06,3
2010,Denmark,All,5,12412,1370.05,3
2010,Denmark,All,6,13919,975.87,2
2010,Denmark,All,7,12449,768.6,2
2010,Denmark,All,8,12403,591.6600000000001,1
2010,Denmark,All,9,12423,298.8,1
2010,EIRE,All,1,14156,185498.52,95
2010,EIRE,All,2,14911,148328.34,201
2010,EIRE,All,3,14016,7815.94,8
2010,EIRE,All,4,12745,201.56,1
2010,EIRE,All,5,16047,107.14,1
2010,Finland,All,1,12631,2841.07,5
2010,Finland,All,2,12582,1469.04,2
2010,Finland,All,3,12348,1114.96,2
2010,Finland,All,4,12696,851.91,2
2010,Finland,All,5,12588,743.88,3
2010,Finland,All,6,12664,639.08,1
2010,Finland,All,7,12404,63.24,1
2010,France,All,1,12681,17150.79,24
2010,France,All,2,12678,16874.0,11
2010,France,All,3,14277,12776.19,5
2010,France,All,4,12682,10672.74,20
2010,France,All,5,12714,8702.2,6
2010,France,All,6,12731,7951.7,6
2010,France,All,7,12437,7153.71,20
2010,France,All,8,12583,6348.62,12
2010,France,All,9,12643,4960.18,6
2010,France,All,10,12567,4308.58,7
2010,Germany,All,1,12471,20687.28,46
2010,Germany,All,2,12709,20488.25,19
2010,Germany,All,3,12647,14426.33,28
2010,Germany,All,4,12621,12005.18,17
2010,Germany,All,5,12472,10022.05,12
2010,Germany,All,6,12668,8045.75,7
2010,Germany,All,7,12481,7397.03,7
2010,Germany,All,8,12476,7279.9400000000005,13
2010,Germany,All,9,12477,7056.63,3
2010,Germany,All,10,12524,6640.389999999999,9
2010,Greece,All,1,14439,6781.8,4
2010,Greece,All,2,17508,3580.97,6
2010,Greece,All,3,12511,3084.02,1
2010,Greece,All,4,12717,277.93,1
2010,Iceland,All,1,12347,1323.32,2
2010,Israel,All,1,12653,1950.98,1
2010,Israel,All,2,12666,1248.42,1
2010,Italy,All,1,12349,2671.14,3
2010,Italy,All,2,12725,2266.76,4
2010,Italy,All,3,12578,1847.94,2
2010,Italy,All,4,12594,1751.89,5
2010,Italy,All,5,12586,1443.38,2
2010,Italy,All,6,14912,1021.4,4
2010,Italy,All,7,12675,957.25,2
2010,Italy,All,8,12505,955.2,1
2010,Italy,All,9,12591,886.1,2
2010,Italy,All,10,12514,580.08,1
2010,Japan,All,1,12755,5218.709999999999,10
2010,Japan,All,2,12753,3590.59,1
2010,Japan,All,3,12770,1895.0,1
2010,Japan,All,4,12798,1533.8899999999999,1
2010,Japan,All,5,12810,534.99,2
2010,Japan,All,6,12763,320.08,1
2010,Japan,All,7,12799,219.35,1
2010,Korea,All,1,12767,949.82,1
2010,Korea,All,2,12768,168.69000000000003,1
2010,Lithuania,All,1,15332,4892.68,6
2010,Malta,All,1,15480,5373.5,4
2010,Netherlands,All,1,14646,242291.91,75
2010,Netherlands,All,2,12759,2981.04,4
2010,Netherlands,All,3,12806,2878.96,4
2010,Netherlands,All,4,12802,1988.84,6
2010,Netherlands,All,5,12813,1687.8,3
2010,Netherlands,All,6,12805,1434.95,4
2010,Netherlands,All,7,12765,1404.58,6
2010,Netherlands,All,8,12803,1092.81,1
2010,Netherlands,All,9,12778,953.45,3
2010,Netherlands,All,10,12791,863.51,6
2010,Nigeria,All,1,15702,140.39,2
2010,Norway,All,1,15760,13916.34,2
2010,Norway,All,2,12433,7205.39,5
2010,Norway,All,3,15481,1993.34,1
2010,Norway,All,4,12352,343.8,2
2010,Poland,All,1,12779,2369.09,6
2010,Poland,All,2,12576,826.89,3
2010,Portugal,All,1,12758,4656.97,4
2010,Portugal,All,2,12356,3560.3,3
2010,Portugal,All,3,12766,3078.65,3
2010,Portugal,All,4,12782,2750.82,7
2010,Portugal,All,5,12809,1266.63,2
2010,Portugal,All,6,12784,1230.33,1
2010,Portugal,All,7,12425,964.21,1
2010,Portugal,All,8,12785,733.5,2
2010,Portugal,All,9,12800,584.25,3
2010,Portugal,All,10,12797,552.08,2
2010,RSA,All,1,12396,931.43,1
2010,Singapore,All,1,12744,4037.77,4
2010,Spain,All,1,12454,13151.44,4
2010,Spain,All,2,12540,9322.66,16
2010,Spain,All,3,12557,4772.54,3
2010,Spain,All,4,12510,3759.57,6
2010,Spain,All,5,12484,1826.78,6
2010,Spain,All,6,12503,1126.0,1
2010,Spain,All,7,12543,980.25,1
2010,Spain,All,8,12507,539.25,1
2010,Spain,All,9,12419,503.01,2
2010,Spain,All,10,12539,497.34000000000003,1
2010,Sweden,All,1,12482,23691.4,29
2010,Sweden,All,2,17404,19708.6,10
2010,Sweden,All,3,12483,2612.2000000000003,11
2010,Sweden,All,4,12687,2138.91,2
2010,Sweden,All,5,12629,1558.22,2
2010,Sweden,All,6,12676,1511.7,5
2010,Sweden,All,7,12801,1071.82,1
2010,Sweden,All,8,12486,1037.28,1
2010,Sweden,All,9,12639,826.27,2
2010,Sweden,All,10,12537,732.94,1
2010,Switzerland,All,1,12409,12346.62,4
2010,Switzerland,All,2,12357,12079.99,2
2010,Switzerland,All,3,12451,3634.36,3
2010,Switzerland,All,4,12377,2799.72,3
2010,Switzerland,All,5,13520,2695.65,5
2010,Switzerland,All,6,12371,2179.42,3
2010,Switzerland,All,7,12422,2006.34,8
2010,Switzerland,All,8,13501,1544.79,2
2010,Switzerland,All,9,12378,1407.7,1
2010,Switzerland,All,10,12418,1352.6200000000001,3
2010,Thailand,All,1,12469,3070.54,2
2010,USA,All,1,12733,2040.92,3
2010,USA,All,2,12549,1575.68,6
2010,USA,All,3,12634,490.0,2
2010,USA,All,4,12741,406.07,2
2010,USA,All,5,12467,132.8,1
2010,United Arab Emirates,All,1,17829,3867.5,4
2010,United Arab Emirates,All,2,12739,1713.69,2
2010,United Arab Emirates,All,3,12742,1201.52,1
2010,United Kingdom,All,1,18102,308158.61,80
2010,United Kingdom,All,2,13694,113070.2,83
2010,United Kingdom,All,3,16684,80716.29,28
2010,United Kingdom,All,4,17511,79413.76,30
2010,United Kingdom,All,5,15061,77493.0,82
2010,United Kingdom,All,6,16754,65500.07,29
2010,United Kingdom,All,7,13089,57479.54,109
2010,United Kingdom,All,8,17949,54368.04,64
2010,United Kingdom,All,9,17450,52422.299999999996,7
2010,United Kingdom,All,10,12931,49199.63,42
2010,Unspecified,All,1,16320,4590.53,4
2010,Unspecified,All,2,14265,843.17,2
2010,Unspecified,All,3,12351,300.93,1
2010,Unspecified,All,4,12470,211.95,1
2010,West Indies,All,1,18140,536.41,1
2011,Australia,All,1,12415,124914.53,21
2011,Australia,All,2,12431,4740.72,11
2011,Australia,All,3,12388,2780.66,6
2011,Australia,All,4,12424,1760.96,2
2011,Australia,All,5,12393,1582.6000000000001,4
2011,Australia,All,6,12434,806.14,2
2011,Australia,All,7,12422,386.2,2
2011,Australia,All,8,16321,373.65000000000003,5
2011,Australia,All,9,12386,143.0,1
2011,Austria,All,1,12360,2662.06,3
2011,Austria,All,2,12865,1568.23,2
2011,Austria,All,3,12818,1542.08,1
2011,Austria,All,4,12358,1168.06,2
2011,Austria,All,5,12374,742.9300000000001,1
2011,Austria,All,6,12453,707.09,1
2011,Austria,All,7,12414,562.41,3
2011,Austria,All,8,12429,437.98,1
2011,Austria,All,9,12373,364.6,1
2011,Austria,All,10,12817,166.04,1
2011,Bahrain,All,1,12355,459.4,1
2011,Bahrain,All,2,12353,89.0,1
2011,Belgium,All,1,12362,5226.23,10
2011,Belgium,All,2,12449,4067.29,4
2011,Belgium,All,3,12417,2921.46,7
2011,Belgium,All,4,12408,2888.55,5
2011,Belgium,All,5,12380,2724.81,4
2011,Belgium,All,6,12397,2409.9,2
2011,Belgium,All,7,12395,2338.71,10
2011,Belgium,All,8,12876,2218.02,2
2011,Belgium,All,9,12407,1708.12,5
2011,Belgium,All,10,12423,1621.38,7
2011,Brazil,All,1,12769,1143.6,1
2011,Canada,All,1,17444,2940.04,3
2011,Canada,All,2,17443,534.24,1
2011,Canada,All,3,15388,140.54,1
2011,Canada,All,4,17844,51.56,1
2011,Channel Islands,All,1,14936,8137.02,8
2011,Channel Islands,All,2,14930,2362.96,3
2011,Channel Islands,All,3,14934,1890.94,2
2011,Channel Islands,All,4,14935,1784.71,1
2011,Channel Islands,All,5,14937,1621.88,3
2011,Channel Islands,All,6,14442,1589.82,2
2011,Channel Islands,All,7,14566,1432.0,1
2011,Channel Islands,All,8,14931,1257.68,5
2011,Cyprus,All,1,12359,6310.03,4
2011,Cyprus,All,2,12455,1698.9,2
2011,Cyprus,All,3,12370,1677.67,2
2011,Cyprus,All,4,12365,641.38,2
2011,Cyprus,All,5,12420,600.39,1
2011,Cyprus,All,6,12391,439.66,1
2011,Cyprus,All,7,12457,392.7,2
2011,Cyprus,All,8,13809,155.05,1
2011,Czech Republic,All,1,12781,826.74,2
2011,Denmark,All,1,12435,7829.89,2
2011,Denmark,All,2,12406,3415.3,2
2011,Denmark,All,3,12429,2030.92,2
2011,Denmark,All,4,12372,1298.04,3
2011,Denmark,All,5,12412,1226.88,3
2011,Denmark,All,6,12394,891.4000000000001,1
2011,Denmark,All,7,12403,427.70000000000005,1
2011,Denmark,All,8,13919,384.81,2
2011,Denmark,All,9,12367,168.9,1
2011,EIRE,All,1,14911,135973.23,188
2011,EIRE,All,2,14156,116887.88,54
2011,EIRE,All,3,14016,3587.47,3
2011,European Community,All,1,15108,1300.25,4
2011,Finland,All,1,12428,7956.46,9
2011,Finland,All,2,12664,4881.88,9
2011,Finland,All,3,12704,2340.84,8
2011,Finland,All,4,12405,1710.39,1
2011,Finland,All,5,12630,1270.88,2
2011,Finland,All,6,12348,904.44,3
2011,Finland,All,7,12631,640.5,1
2011,Finland,All,8,12667,620.13,1
2011,Finland,All,9,12582,511.36,2
2011,Finland,All,10,12375,457.5,2
2011,France,All,1,12731,17824.01,11
2011,France,All,2,12678,17407.18,10
2011,France,All,3,12536,12601.830000000002,3
2011,France,All,4,12681,11669.43,20
2011,France,All,5,12682,11204.53,29
2011,France,All,6,12567,7458.9,8
2011,France,All,7,12683,7413.49,13
2011,France,All,8,12583,6425.5199999999995,14
2011,France,All,9,12637,6002.9,8
2011,France,All,10,12490,5417.93,10
2011,Germany,All,1,12471,15949.69,26
2011,Germany,All,2,12477,13219.74,6
2011,Germany,All,3,12621,12306.02,18
2011,Germany,All,4,12590,9864.26,2
2011,Germany,All,5,12709,8390.83,13
2011,Germany,All,6,12474,7324.09,18
2011,Germany,All,7,12476,6803.97,10
2011,Germany,All,8,12626,6620.4800000000005,9
2011,Germany,All,9,12705,6010.29,8
2011,Germany,All,10,12720,5124.6,23
2011,Greece,All,1,14439,2661.24,1
2011,Greece,All,2,12717,1030.98,2
2011,Greece,All,3,12478,680.99,1
2011,Greece,All,4,17508,387.31,1
2011,Iceland,All,1,12347,3598.21,6
2011,Israel,All,1,12688,4873.81,1
2011,Israel,All,2,12653,2209.85,2
2011,Israel,All,3,12512,132.18,2
2011,Italy,All,1,12594,3338.2200000000003,10
2011,Italy,All,2,12578,2794.51,2
2011,Italy,All,3,12584,2338.15,9
2011,Italy,All,4,12610,2099.54,5
2011,Italy,All,5,12349,1757.55,1
2011,Italy,All,6,12611,1193.32,1
2011,Italy,All,7,12514,1017.68,1
2011,Italy,All,8,14912,867.85,2
2011,Italy,All,9,12591,452.85,1
2011,Italy,All,10,12552,437.82,2
2011,Japan,All,1,12753,17838.8,5
2011,Japan,All,2,12798,6977.04,3
2011,Japan,All,3,12754,3010.74,3
2011,Japan,All,4,12770,1351.45,1
2011,Japan,All,5,12812,229.64000000000001,1
2011,Japan,All,6,12763,174.0,1
2011,Japan,All,7,12756,112.07999999999998,1
2011,Japan,All,8,12755,17.549999999999997,1
2011,Lebanon,All,1,12764,1693.88,1
2011,Malta,All,1,17828,1820.09,4
2011,Malta,All,2,15480,905.5,1
2011,Netherlands,All,1,14646,271614.14,71
2011,Netherlands,All,2,12759,1531.44,3
2011,Netherlands,All,3,12775,1386.04,5
2011,Netherlands,All,4,12778,822.23,6
2011,Netherlands,All,5,12787,463.65999999999997,3
2011,Netherlands,All,6,12802,427.58000000000004,1
2011,Netherlands,All,7,12790,324.92,1
2011,Netherlands,All,8,12789,91.85000000000001,1
2011,Norway,All,1,12433,9588.75,5
2011,Norway,All,2,12432,5059.32,5
2011,Norway,All,3,12444,5005.46,5
2011,Norway,All,4,12752,4366.78,1
2011,Norway,All,5,12438,2906.85,2
2011,Norway,All,6,12352,2506.04,8
2011,Norway,All,7,12381,1845.31,5
2011,Norway,All,8,12436,509.01000000000005,1
2011,Norway,All,9,12350,334.4,1
2011,Norway,All,10,12430,256.4,1
2011,Poland,All,1,12779,3733.2,7
2011,Poland,All,2,12576,1315.83,5
2011,Poland,All,3,12815,1063.46,2
2011,Poland,All,4,12816,572.2,2
2011,Poland,All,5,12750,275.88,1
2011,Poland,All,6,12814,125.92,1
2011,Portugal,All,1,12757,7834.650000000001,13
2011,Portugal,All,2,12766,5840.34,6
2011,Portugal,All,3,12356,2811.43,3
2011,Portugal,All,4,12758,2791.59,2
2011,Portugal,All,5,12783,2225.91,6
2011,Portugal,All,6,12762,1898.52,2
2011,Portugal,All,7,12782,1867.42,4
2011,Portugal,All,8,12772,892.47,1
2011,Portugal,All,9,12794,860.41,2
2011,Portugal,All,10,12425,777.2,1
2011,RSA,All,1,12446,1002.3100000000001,1
2011,Saudi Arabia,All,1,12565,145.92,1
2011,Singapore,All,1,12744,21279.29,7
2011,Spain,All,1,12540,12519.23,16
2011,Spain,All,2,12557,11370.960000000001,4
2011,Spain,All,3,12539,5568.35,4
2011,Spain,All,4,12484,4527.32,6
2011,Spain,All,5,12597,3811.22,4
2011,Spain,All,6,12502,3723.87,5
2011,Spain,All,7,12454,3528.34,1
2011,Spain,All,8,12507,1304.81,3
2011,Spain,All,9,12462,1189.59,2
2011,Spain,All,10,12546,1161.5,2
2011,Sweden,All,1,17404,28072.52,13
2011,Sweden,All,2,12483,2484.98,8
2011,Sweden,All,3,12676,1331.39,6
2011,Sweden,All,4,12697,957.59,3
2011,Sweden,All,5,12638,671.69,1
2011,Sweden,All,6,12639,486.1,1
2011,Sweden,All,7,12715,343.36,1
2011,Sweden,All,8,12641,185.89999999999998,1
2011,Switzerland,All,1,12409,11072.67,3
2011,Switzerland,All,2,12451,9035.52,5
2011,Switzerland,All,3,12357,6207.67,1
2011,Switzerland,All,4,13505,4393.63,4
2011,Switzerland,All,5,12378,4008.62,1
2011,Switzerland,All,6,13520,3320.95,5
2011,Switzerland,All,7,12456,3181.04,3
2011,Switzerland,All,8,12457,1970.53,5
2011,Switzerland,All,9,12371,1887.96,2
2011,Switzerland,All,10,12398,1635.66,1
2011,USA,All,1,12607,1579.51,1
2011,USA,All,2,12646,1346.97,2
2011,USA,All,3,12733,383.95,1
2011,USA,All,4,12558,269.96,1
2011,United Arab Emirates,All,1,12739,1013.04,2
2011,United Arab Emirates,All,2,17829,889.24,1
2011,United Kingdom,All,1,18102,231822.69,56
2011,United Kingdom,All,2,17450,192361.95,44
2011,United Kingdom,All,3,16446,168472.5,2
2011,United Kingdom,All,4,17511,84351.3,28
2011,United Kingdom,All,5,12346,77183.6,1
2011,United Kingdom,All,6,16029,67738.31999999999,57
2011,United Kingdom,All,7,14096,65164.79,17
2011,United Kingdom,All,8,16684,63540.16,24
2011,United Kingdom,All,9,13694,62142.58,48
2011,United Kingdom,All,10,15311,57972.74,82
2011,Unspecified,All,1,16320,1038.46,2
2011,Unspecified,All,2,12363,552.0,2
2011,Unspecified,All,3,12743,540.13,2
2011,Unspecified,All,4,14265,530.18,2
2009,Australia,Repeat,1,16321,196.10000000000002,1
2009,Australia,Repeat,2,12422,75.0,1
2009,Austria,Repeat,1,12358,1429.83,1
2009,Austria,Repeat,2,12440,568.51,1
2009,Belgium,Repeat,1,12417,317.6,2
2009,Belgium,Repeat,2,12362,130.0,1
2009,Channel Islands,Repeat,1,14564,989.18,1
2009,Cyprus,Repeat,1,12455,1636.43,1
2009,Cyprus,Repeat,2,12439,1066.36,1
2009,Cyprus,Repeat,3,12359,838.89,2
2009,Denmark,Repeat,1,12435,1008.0,1
2009,Denmark,Repeat,2,13902,429.66,1
2009,EIRE,Repeat,1,14156,11051.220000000001,7
2009,EIRE,Repeat,2,14911,7119.24,9
2009,Finland,Repeat,1,12664,549.08,1
2009,France,Repeat,1,12683,1233.36,2
2009,France,Repeat,2,12682,1072.95,3
2009,France,Repeat,3,12681,1014.54,1
2009,France,Repeat,4,12583,817.4399999999999,1
2009,France,Repeat,5,12714,682.65,1
2009,France,Repeat,6,12490,603.94,1
2009,France,Repeat,7,12437,578.28,1
2009,France,Repeat,8,14277,233.42,1
2009,France,Repeat,9,12577,210.55,1
2009,France,Repeat,10,12523,74.56,1
2009,Germany,Repeat,1,12471,3281.22,7
2009,Germany,Repeat,2,12709,1412.6799999999998,2
2009,Germany,Repeat,3,12613,1333.1100000000001,1
2009,Germany,Repeat,4,12472,1286.43,1
2009,Germany,Repeat,5,12533,929.92,1
2009,Germany,Repeat,6,12600,433.89,2
2009,Germany,Repeat,7,12712,333.8,1
2009,Germany,Repeat,8,12609,330.6,1
2009,Germany,Repeat,9,13813,283.15,1
2009,Germany,Repeat,10,12708,205.47,1
2009,Greece,Repeat,1,17508,610.95,1
2009,Italy,Repeat,1,12586,422.35,1
2009,Netherlands,Repeat,1,14646,14696.47,5
2009,Netherlands,Repeat,2,12759,508.26,1
2009,Norway,One-time,1,12443,485.31,1
2009,Poland,Repeat,1,12779,371.82,1
2009,Portugal,Repeat,1,12758,2454.68,1
2009,Portugal,Repeat,2,12785,366.9,1
2009,Spain,Repeat,1,12539,5149.06,2
2009,Spain,Repeat,2,12557,1952.64,1
2009,Spain,Repeat,3,12510,435.88,1
2009,Spain,Repeat,4,12540,412.6,1
2009,Sweden,One-time,1,12487,285.29999999999995,1
2009,Switzerland,Repeat,1,13520,589.4,1
2009,USA,One-time,1,12636,141.0,1
2009,United Arab Emirates,One-time,1,12979,517.7,1
2009,United Kingdom,One-time,1,13204,966.6600000000001,1
2009,United Kingdom,One-time,2,18201,447.53000000000003,1
2009,United Kingdom,One-time,3,14123,436.18,1
2009,United Kingdom,One-time,4,17178,432.96,1
2009,United Kingdom,One-time,5,14042,431.98,1
2009,United Kingdom,One-time,6,14979,429.66,1
2009,United Kingdom,One-time,7,17103,424.3,1
2009,United Kingdom,One-time,8,16541,424.03,1
2009,United Kingdom,One-time,9,12941,377.49,1
2009,United Kingdom,One-time,10,18162,371.51,1
2009,United Kingdom,Repeat,1,18102,41005.74,9
2009,United Kingdom,Repeat,2,13694,20427.91,12
2009,United Kingdom,Repeat,3,15061,14312.539999999999,9
2009,United Kingdom,Repeat,4,15311,9364.289999999999,14
2009,United Kingdom,Repeat,5,17511,8367.81,2
2009,United Kingdom,Repeat,6,17850,7411.14,15
2009,United Kingdom,Repeat,7,13777,7125.04,5
2009,United Kingdom,Repeat,8,16779,6712.400000000001,6
2009,United Kingdom,Repeat,9,14063,6701.599999999999,4
2009,United Kingdom,Repeat,10,17949,5749.56,10
2010,Australia,One-time,1,12411,346.9,1
2010,Australia,One-time,2,12392,234.75,1
2010,Australia,One-time,3,12400,205.25,1
2010,Australia,One-time,4,12416,202.56,1
2010,Australia,One-time,5,12387,143.94,1
2010,Australia,Repeat,1,12415,19543.84,7
2010,Australia,Repeat,2,12431,2959.07,10
2010,Australia,Repeat,3,12422,2346.9,5
2010,Australia,Repeat,4,12424,1579.07,2
2010,Australia,Repeat,5,12389,1433.33,3
2010,Australia,Repeat,6,12388,1120.45,2
2010,Australia,Repeat,7,12393,816.85,2
2010,Australia,Repeat,8,12434,297.29,1
2010,Australia,Repeat,9,12386,258.9,1
2010,Australia,Repeat,10,16321,34.8,1
2010,Austria,Repeat,1,12374,2246.29,3
2010,Austria,Repeat,2,12369,1791.15,3
2010,Austria,Repeat,3,12865,1755.24,2
2010,Austria,Repeat,4,12360,1590.83,5
2010,Austria,Repeat,5,12358,1289.18,2
2010,Austria,Repeat,6,12370,1051.82,4
2010,Austria,Repeat,7,12373,763.0500000000001,2
2010,Austria,Repeat,8,12817,524.94,2
2010,Austria,Repeat,9,12414,390.0,3
2010,Austria,Repeat,10,12440,290.69,1
2010,Bahrain,Repeat,1,12355,488.21000000000004,1
2010,Bahrain,Repeat,2,12353,317.76,1
2010,Belgium,One-time,1,12385,1938.4,1
2010,Belgium,One-time,2,12460,326.65,1
2010,Belgium,One-time,3,13022,65.3,1
2010,Belgium,Repeat,1,12380,6951.49,7
2010,Belgium,Repeat,2,12417,2919.99,9
2010,Belgium,Repeat,3,12395,2382.46,5
2010,Belgium,Repeat,4,12876,1863.77,2
2010,Belgium,Repeat,5,12431,1759.65,4
2010,Belgium,Repeat,6,12408,1452.22,3
2010,Belgium,Repeat,7,12402,1031.3,5
2010,Belgium,Repeat,8,12874,948.42,2
2010,Belgium,Repeat,9,12399,853.65,3
2010,Belgium,Repeat,10,12379,767.98,2
2010,Brazil,One-time,1,12751,268.27,1
2010,Canada,Repeat,1,15390,1216.66,2
2010,Channel Islands,One-time,1,14568,919.7,1
2010,Channel Islands,Repeat,1,14936,4273.79,4
2010,Channel Islands,Repeat,2,14442,3777.2,5
2010,Channel Islands,Repeat,3,14930,2873.77,3
2010,Channel Islands,Repeat,4,14566,2660.0,3
2010,Channel Islands,Repeat,5,14938,2322.43,2
2010,Channel Islands,Repeat,6,14933,1770.0,4
2010,Channel Islands,Repeat,7,14564,1616.44,1
2010,Channel Islands,Repeat,8,14934,1612.56,3
2010,Channel Islands,Repeat,9,14935,1065.12,1
2010,Channel Islands,Repeat,10,14932,666.13,2
2010,Cyprus,One-time,1,12368,917.6999999999999,1
2010,Cyprus,One-time,2,12366,500.24,1
2010,Cyprus,Repeat,1,12391,2285.18,5
2010,Cyprus,Repeat,2,12455,1776.6599999999999,3
2010,Cyprus,Repeat,3,12359,1724.47,4
2010,Cyprus,Repeat,4,12370,1587.07,1
2010,Cyprus,Repeat,5,13809,524.65,2
2010,Cyprus,Repeat,6,12439,76.52000000000001,1
2010,Denmark,Repeat,1,13902,33665.6,4
2010,Denmark,Repeat,2,12435,5088.04,3
2010,Denmark,Repeat,3,12429,3735.51,5
2010,Denmark,Repeat,4,12406,2975.06,3
2010,Denmark,Repeat,5,12412,1370.05,3
2010,Denmark,Repeat,6,13919,975.87,2
2010,Denmark,Repeat,7,12449,768.6,2
2010,Denmark,Repeat,8,12403,591.6600000000001,1
2010,Denmark,Repeat,9,12423,298.8,1
2010,EIRE,One-time,1,16047,107.14,1
2010,EIRE,Repeat,1,14156,185498.52,95
2010,EIRE,Repeat,2,14911,148328.34,201
2010,EIRE,Repeat,3,14016,7815.94,8
2010,EIRE,Repeat,4,12745,201.56,1
2010,Finland,One-time,1,12404,63.24,1
2010,Finland,Repeat,1,12631,2841.07,5
2010,Finland,Repeat,2,12582,1469.04,2
2010,Finland,Repeat,3,12348,1114.96,2
2010,Finland,Repeat,4,12696,851.91,2
2010,Finland,Repeat,5,12588,743.88,3
2010,Finland,Repeat,6,12664,639.08,1
2010,France,One-time,1,12529,316.48,1
2010,France,One-time,2,12655,261.35,1
2010,France,One-time,3,12441,173.55,1
2010,France,One-time,4,12692,110.95,1
2010,France,One-time,5,12686,89.14,1
2010,France,One-time,6,12466,56.73,1
2010,France,Repeat,1,12681,17150.79,24
2010,France,Repeat,2,12678,16874.0,11
2010,France,Repeat,3,14277,12776.19,5
2010,France,Repeat,4,12682,10672.74,20
2010,France,Repeat,5,12714,8702.2,6
2010,France,Repeat,6,12731,7951.7,6
2010,France,Repeat,7,12437,7153.71,20
2010,France,Repeat,8,12583,6348.62,12
2010,France,Repeat,9,12643,4960.18,6
2010,France,Repeat,10,12567,4308.58,7
2010,Germany,One-time,1,12671,2622.481,1
2010,Germany,One-time,2,12730,829.25,1
2010,Germany,One-time,3,12699,638.11,1
2010,Germany,One-time,4,12499,393.72,1
2010,Germany,One-time,5,12698,339.75,1
2010,Germany,One-time,6,12595,299.02,1
2010,Germany,One-time,7,12738,155.35,1
2010,Germany,One-time,8,12568,70.0,1
2010,Germany,Repeat,1,12471,20687.28,46
2010,Germany,Repeat,2,12709,20488.25,19
2010,Germany,Repeat,3,12647,14426.33,28
2010,Germany,Repeat,4,12621,12005.18,17
2010,Germany,Repeat,5,12472,10022.05,12
2010,Germany,Repeat,6,12668,8045.75,7
2010,Germany,Repeat,7,12481,7397.03,7
2010,Germany,Repeat,8,12476,7279.9400000000005,13
2010,Germany,Repeat,9,12477,7056.63,3
2010,Germany,Repeat,10,12524,6640.389999999999,9
2010,Greece,One-time,1,12511,3084.02,1
2010,Greece,Repeat,1,14439,6781.8,4
2010,Greece,Repeat,2,17508,3580.97,6
2010,Greece,Repeat,3,12717,277.93,1
2010,Iceland,Repeat,1,12347,1323.32,2
2010,Israel,One-time,1,12666,1248.42,1
2010,Israel,Repeat,1,12653,1950.98,1
2010,Italy,One-time,1,12505,955.2,1
2010,Italy,One-time,2,12515,383.7,1
2010,Italy,One-time,3,12563,249.24,1
2010,Italy,Repeat,1,12349,2671.14,3
2010,Italy,Repeat,2,12725,2266.76,4
2010,Italy,Repeat,3,12578,1847.94,2
2010,Italy,Repeat,4,12594,1751.89,5
2010,Italy,Repeat,5,12586,1443.38,2
2010,Italy,Repeat,6,14912,1021.4,4
2010,Italy,Repeat,7,12675,957.25,2
2010,Italy,Repeat,8,12591,886.1,2
2010,Italy,Repeat,9,12514,580.08,1
2010,Japan,One-time,1,12799,219.35,1
2010,Japan,Repeat,1,12755,5218.709999999999,10
2010,Japan,Repeat,2,12753,3590.59,1
2010,Japan,Repeat,3,12770,1895.0,1
2010,Japan,Repeat,4,12798,1533.8899999999999,1
2010,Japan,Repeat,5,12810,534.99,2
2010,Japan,Repeat,6,12763,320.08,1
2010,Korea,One-time,1,12767,949.82,1
2010,Korea,One-time,2,12768,168.69000000000003,1
2010,Lithuania,Repeat,1,15332,4892.68,6
2010,Malta,Repeat,1,15480,5373.5,4
2010,Netherlands,One-time,1,12803,1092.81,1
2010,Netherlands,One-time,2,12786,728.5,1
2010,Netherlands,One-time,3,12796,381.0,1
2010,Netherlands,One-time,4,12760,347.8,1
2010,Netherlands,One-time,5,12780,337.4,1
2010,Netherlands,One-time,6,12774,98.7,1
2010,Netherlands,Repeat,1,14646,242291.91,75
2010,Netherlands,Repeat,2,12759,2981.04,4
2010,Netherlands,Repeat,3,12806,2878.96,4
2010,Netherlands,Repeat,4,12802,1988.84,6
2010,Netherlands,Repeat,5,12813,1687.8,3
2010,Netherlands,Repeat,6,12805,1434.95,4
2010,Netherlands,Repeat,7,12765,1404.58,6
2010,Netherlands,Repeat,8,12778,953.45,3
2010,Netherlands,Repeat,9,12791,863.51,6
2010,Netherlands,Repeat,10,12761,782.95,2
2010,Nigeria,Repeat,1,15702,140.39,2
2010,Norway,One-time,1,15481,1993.34,1
2010,Norway,Repeat,1,15760,13916.34,2
2010,Norway,Repeat,2,12433,7205.39,5
2010,Norway,Repeat,3,12352,343.8,2
2010,Poland,Repeat,1,12779,2369.09,6
2010,Poland,Repeat,2,12576,826.89,3
2010,Portugal,One-time,1,12771,282.3,1
2010,Portugal,One-time,2,12773,124.25,1
2010,Portugal,One-time,3,16291,117.72,1
2010,Portugal,One-time,4,12776,55.5,1
2010,Portugal,Repeat,1,12758,4656.97,4
2010,Portugal,Repeat,2,12356,3560.3,3
2010,Portugal,Repeat,3,12766,3078.65,3
2010,Portugal,Repeat,4,12782,2750.82,7
2010,Portugal,Repeat,5,12809,1266.63,2
2010,Portugal,Repeat,6,12784,1230.33,1
2010,Portugal,Repeat,7,12425,964.21,1
2010,Portugal,Repeat,8,12785,733.5,2
2010,Portugal,Repeat,9,12800,584.25,3
2010,Portugal,Repeat,10,12797,552.08,2
2010,RSA,One-time,1,12396,931.43,1
2010,Singapore,Repeat,1,12744,4037.77,4
2010,Spain,One-time,1,12503,1126.0,1
2010,Spain,One-time,2,12543,980.25,1
2010,Spain,One-time,3,12554,468.5,1
2010,Spain,One-time,4,12459,454.36,1
2010,Spain,One-time,5,12551,168.0,1
2010,Spain,One-time,6,12555,129.23,1
2010,Spain,One-time,7,12570,77.52,1
2010,Spain,One-time,8,12606,21.0,1
2010,Spain,Repeat,1,12454,13151.44,4
2010,Spain,Repeat,2,12540,9322.66,16
2010,Spain,Repeat,3,12557,4772.54,3
2010,Spain,Repeat,4,12510,3759.57,6
2010,Spain,Repeat,5,12484,1826.78,6
2010,Spain,Repeat,6,12507,539.25,1
2010,Spain,Repeat,7,12419,503.01,2
2010,Spain,Repeat,8,12539,497.34000000000003,1
2010,Spain,Repeat,9,12450,490.32,3
2010,Spain,Repeat,10,12542,481.88,2
2010,Sweden,One-time,1,12801,1071.82,1
2010,Sweden,One-time,2,12486,1037.28,1
2010,Sweden,One-time,3,12537,732.94,1
2010,Sweden,One-time,4,12485,708.1,1
2010,Sweden,One-time,5,12495,357.4,1
2010,Sweden,One-time,6,12807,330.35,1
2010,Sweden,One-time,7,12661,162.0,1
2010,Sweden,Repeat,1,12482,23691.4,29
2010,Sweden,Repeat,2,17404,19708.6,10
2010,Sweden,Repeat,3,12483,2612.2000000000003,11
2010,Sweden,Repeat,4,12687,2138.91,2
2010,Sweden,Repeat,5,12629,1558.22,2
2010,Sweden,Repeat,6,12676,1511.7,5
2010,Sweden,Repeat,7,12639,826.27,2
2010,Sweden,Repeat,8,12638,249.8,1
2010,Switzerland,Repeat,1,12409,12346.62,4
2010,Switzerland,Repeat,2,12357,12079.99,2
2010,Switzerland,Repeat,3,12451,3634.36,3
2010,Switzerland,Repeat,4,12377,2799.72,3
2010,Switzerland,Repeat,5,13520,2695.65,5
2010,Switzerland,Repeat,6,12371,2179.42,3
2010,Switzerland,Repeat,7,12422,2006.34,8
2010,Switzerland,Repeat,8,13501,1544.79,2
2010,Switzerland,Repeat,9,12378,1407.7,1
2010,Switzerland,Repeat,10,12418,1352.6200000000001,3
2010,Thailand,Repeat,1,12469,3070.54,2
2010,USA,One-time,1,12467,132.8,1
2010,USA,Repeat,1,12733,2040.92,3
2010,USA,Repeat,2,12549,1575.68,6
2010,USA,Repeat,3,12634,490.0,2
2010,USA,Repeat,4,12741,406.07,2
2010,United Arab Emirates,One-time,1,12742,1201.52,1
2010,United Arab Emirates,Repeat,1,17829,3867.5,4
2010,United Arab Emirates,Repeat,2,12739,1713.69,2
2010,United Kingdom,One-time,1,13687,11880.84,1
2010,United Kingdom,One-time,2,12918,10953.5,1
2010,United Kingdom,One-time,3,18052,10877.18,1
2010,United Kingdom,One-time,4,16118,4376.25,1
2010,United Kingdom,One-time,5,13205,2803.2,1
2010,United Kingdom,One-time,6,16077,2300.4,1
2010,United Kingdom,One-time,7,17305,2135.46,1
2010,United Kingdom,One-time,8,17039,1954.99,1
2010,United Kingdom,One-time,9,12911,1651.72,1
2010,United Kingdom,One-time,10,15310,1634.64,1
2010,United Kingdom,Repeat,1,18102,308158.61,80
2010,United Kingdom,Repeat,2,13694,113070.2,83
2010,United Kingdom,Repeat,3,16684,80716.29,28
2010,United Kingdom,Repeat,4,17511,79413.76,30
2010,United Kingdom,Repeat,5,15061,77493.0,82
2010,United Kingdom,Repeat,6,16754,65500.07,29
2010,United Kingdom,Repeat,7,13089,57479.54,109
2010,United Kingdom,Repeat,8,17949,54368.04,64
2010,United Kingdom,Repeat,9,17450,52422.299999999996,7
2010,United Kingdom,Repeat,10,12931,49199.63,42
2010,Unspecified,One-time,1,12351,300.93,1
2010,Unspecified,One-time,2,12470,211.95,1
2010,Unspecified,Repeat,1,16320,4590.53,4
2010,Unspecified,Repeat,2,14265,843.17,2
2010,West Indies,One-time,1,18140,536.41,1
2011,Australia,Repeat,1,12415,124914.53,21
2011,Australia,Repeat,2,12431,4740.72,11
2011,Australia,Repeat,3,12388,2780.66,6
2011,Australia,Repeat,4,12424,1760.96,2
2011,Australia,Repeat,5,12393,1582.6000000000001,4
2011,Australia,Repeat,6,12434,806.14,2
2011,Australia,Repeat,7,12422,386.2,2
2011,Australia,Repeat,8,16321,373.65000000000003,5
2011,Australia,Repeat,9,12386,143.0,1
2011,Austria,One-time,1,12818,1542.08,1
2011,Austria,One-time,2,12453,707.09,1
2011,Austria,Repeat,1,12360,2662.06,3
2011,Austria,Repeat,2,12865,1568.23,2
2011,Austria,Repeat,3,12358,1168.06,2
2011,Austria,Repeat,4,12374,742.9300000000001,1
2011,Austria,Repeat,5,12414,562.41,3
2011,Austria,Repeat,6,12429,437.98,1
2011,Austria,Repeat,7,12373,364.6,1
2011,Austria,Repeat,8,12817,166.04,1
2011,Bahrain,Repeat,1,12355,459.4,1
2011,Bahrain,Repeat,2,12353,89.0,1
2011,Belgium,One-time,1,12390,549.84,1
2011,Belgium,One-time,2,12447,476.49,1
2011,Belgium,One-time,3,12401,84.3,1
2011,Belgium,Repeat,1,12362,5226.23,10
2011,Belgium,Repeat,2,12449,4067.29,4
2011,Belgium,Repeat,3,12417,2921.46,7
2011,Belgium,Repeat,4,12408,2888.55,5
2011,Belgium,Repeat,5,12380,2724.81,4
2011,Belgium,Repeat,6,12397,2409.9,2
2011,Belgium,Repeat,7,12395,2338.71,10
2011,Belgium,Repeat,8,12876,2218.02,2
2011,Belgium,Repeat,9,12407,1708.12,5
2011,Belgium,Repeat,10,12423,1621.38,7
2011,Brazil,One-time,1,12769,1143.6,1
2011,Canada,One-time,1,17443,534.24,1
2011,Canada,One-time,2,15388,140.54,1
2011,Canada,One-time,3,17844,51.56,1
2011,Canada,Repeat,1,17444,2940.04,3
2011,Channel Islands,Repeat,1,14936,8137.02,8
2011,Channel Islands,Repeat,2,14930,2362.96,3
2011,Channel Islands,Repeat,3,14934,1890.94,2
2011,Channel Islands,Repeat,4,14935,1784.71,1
2011,Channel Islands,Repeat,5,14937,1621.88,3
2011,Channel Islands,Repeat,6,14442,1589.82,2
2011,Channel Islands,Repeat,7,14566,1432.0,1
2011,Channel Islands,Repeat,8,14931,1257.68,5
2011,Cyprus,One-time,1,12420,600.39,1
2011,Cyprus,Repeat,1,12359,6310.03,4
2011,Cyprus,Repeat,2,12455,1698.9,2
2011,Cyprus,Repeat,3,12370,1677.67,2
2011,Cyprus,Repeat,4,12365,641.38,2
2011,Cyprus,Repeat,5,12391,439.66,1
2011,Cyprus,Repeat,6,12457,392.7,2
2011,Cyprus,Repeat,7,13809,155.05,1
2011,Czech Republic,Repeat,1,12781,826.74,2
2011,Denmark,One-time,1,12367,168.9,1
2011,Denmark,Repeat,1,12435,7829.89,2
2011,Denmark,Repeat,2,12406,3415.3,2
2011,Denmark,Repeat,3,12429,2030.92,2
2011,Denmark,Repeat,4,12372,1298.04,3
2011,Denmark,Repeat,5,12412,1226.88,3
2011,Denmark,Repeat,6,12394,891.4000000000001,1
2011,Denmark,Repeat,7,12403,427.70000000000005,1
2011,Denmark,Repeat,8,13919,384.81,2
2011,EIRE,Repeat,1,14911,135973.23,188
2011,EIRE,Repeat,2,14156,116887.88,54
2011,EIRE,Repeat,3,14016,3587.47,3
2011,European Community,Repeat,1,15108,1300.25,4
2011,Finland,One-time,1,12405,1710.39,1
2011,Finland,One-time,2,12667,620.13,1
2011,Finland,One-time,3,12587,144.0,1
2011,Finland,Repeat,1,12428,7956.46,9
2011,Finland,Repeat,2,12664,4881.88,9
2011,Finland,Repeat,3,12704,2340.84,8
2011,Finland,Repeat,4,12630,1270.88,2
2011,Finland,Repeat,5,12348,904.44,3
2011,Finland,Repeat,6,12631,640.5,1
2011,Finland,Repeat,7,12582,511.36,2
2011,Finland,Repeat,8,12375,457.5,2
2011,Finland,Repeat,9,12588,214.89999999999998,1
2011,France,One-time,1,12513,612.29,1
2011,France,One-time,2,12707,603.4200000000001,1
2011,France,One-time,3,12491,460.40000000000003,1
2011,France,One-time,4,12564,456.9,1
2011,France,One-time,5,12729,453.01,1
2011,France,One-time,6,12579,440.42,1
2011,France,One-time,7,12740,427.6,1
2011,France,One-time,8,12690,389.01,1
2011,France,One-time,9,12617,352.98,1
2011,France,One-time,10,12532,349.83000000000004,1
2011,France,Repeat,1,12731,17824.01,11
2011,France,Repeat,2,12678,17407.18,10
2011,France,Repeat,3,12536,12601.830000000002,3
2011,France,Repeat,4,12681,11669.43,20
2011,France,Repeat,5,12682,11204.53,29
2011,France,Repeat,6,12567,7458.9,8
2011,France,Repeat,7,12683,7413.49,13
2011,France,Repeat,8,12583,6425.5199999999995,14
2011,France,Repeat,9,12637,6002.9,8
2011,France,Repeat,10,12490,5417.93,10
2011,Germany,One-time,1,12501,2169.39,1
2011,Germany,One-time,2,12534,1089.18,1
2011,Germany,One-time,3,12713,848.55,1
2011,Germany,One-time,4,12603,739.1999999999999,1
2011,Germany,One-time,5,12612,704.0400000000001,1
2011,Germany,One-time,6,12658,686.05,1
2011,Germany,One-time,7,12521,599.68,1
2011,Germany,One-time,8,12479,527.2,1
2011,Germany,One-time,9,12566,351.65,1
2011,Germany,One-time,10,12614,315.6,1
2011,Germany,Repeat,1,12471,15949.69,26
2011,Germany,Repeat,2,12477,13219.74,6
2011,Germany,Repeat,3,12621,12306.02,18
2011,Germany,Repeat,4,12590,9864.26,2
2011,Germany,Repeat,5,12709,8390.83,13
2011,Germany,Repeat,6,12474,7324.09,18
2011,Germany,Repeat,7,12476,6803.97,10
2011,Germany,Repeat,8,12626,6620.4800000000005,9
2011,Germany,Repeat,9,12705,6010.29,8
2011,Germany,Repeat,10,12720,5124.6,23
2011,Greece,One-time,1,12478,680.99,1
2011,Greece,Repeat,1,14439,2661.24,1
2011,Greece,Repeat,2,12717,1030.98,2
2011,Greece,Repeat,3,17508,387.31,1
2011,Iceland,Repeat,1,12347,3598.21,6
2011,Israel,One-time,1,12688,4873.81,1
2011,Israel,Repeat,1,12653,2209.85,2
2011,Israel,Repeat,2,12512,132.18,2
2011,Italy,One-time,1,12611,1193.32,1
2011,Italy,One-time,2,12618,177.31,1
2011,Italy,Repeat,1,12594,3338.2200000000003,10
2011,Italy,Repeat,2,12578,2794.51,2
2011,Italy,Repeat,3,12584,2338.15,9
2011,Italy,Repeat,4,12610,2099.54,5
2011,Italy,Repeat,5,12349,1757.55,1
2011,Italy,Repeat,6,12514,1017.68,1
2011,Italy,Repeat,7,14912,867.85,2
2011,Italy,Repeat,8,12591,452.85,1
2011,Italy,Repeat,9,12552,437.82,2
2011,Italy,Repeat,10,12586,196.94,1
2011,Japan,One-time,1,12812,229.64000000000001,1
2011,Japan,One-time,2,12756,112.07999999999998,1
2011,Japan,Repeat,1,12753,17838.8,5
2011,Japan,Repeat,2,12798,6977.04,3
2011,Japan,Repeat,3,12754,3010.74,3
2011,Japan,Repeat,4,12770,1351.45,1
2011,Japan,Repeat,5,12763,174.0,1
2011,Japan,Repeat,6,12755,17.549999999999997,1
2011,Lebanon,One-time,1,12764,1693.88,1
2011,Malta,Repeat,1,17828,1820.09,4
2011,Malta,Repeat,2,15480,905.5,1
2011,Netherlands,Repeat,1,14646,271614.14,71
2011,Netherlands,Repeat,2,12759,1531.44,3
2011,Netherlands,Repeat,3,12775,1386.04,5
2011,Netherlands,Repeat,4,12778,822.23,6
2011,Netherlands,Repeat,5,12787,463.65999999999997,3
2011,Netherlands,Repeat,6,12802,427.58000000000004,1
2011,Netherlands,Repeat,7,12790,324.92,1
2011,Netherlands,Repeat,8,12789,91.85000000000001,1
2011,Norway,One-time,1,12752,4366.78,1
2011,Norway,One-time,2,12436,509.01000000000005,1
2011,Norway,One-time,3,12350,334.4,1
2011,Norway,One-time,4,12430,256.4,1
2011,Norway,Repeat,1,12433,9588.75,5
2011,Norway,Repeat,2,12432,5059.32,5
2011,Norway,Repeat,3,12444,5005.46,5
2011,Norway,Repeat,4,12438,2906.85,2
2011,Norway,Repeat,5,12352,2506.04,8
2011,Norway,Repeat,6,12381,1845.31,5
2011,Poland,One-time,1,12750,275.88,1
2011,Poland,One-time,2,12814,125.92,1
2011,Poland,Repeat,1,12779,3733.2,7
2011,Poland,Repeat,2,12576,1315.83,5
2011,Poland,Repeat,3,12815,1063.46,2
2011,Poland,Repeat,4,12816,572.2,2
2011,Portugal,One-time,1,12772,892.47,1
2011,Portugal,One-time,2,12795,430.48,1
2011,Portugal,Repeat,1,12757,7834.650000000001,13
2011,Portugal,Repeat,2,12766,5840.34,6
2011,Portugal,Repeat,3,12356,2811.43,3
2011,Portugal,Repeat,4,12758,2791.59,2
2011,Portugal,Repeat,5,12783,2225.91,6
2011,Portugal,Repeat,6,12762,1898.52,2
2011,Portugal,Repeat,7,12782,1867.42,4
2011,Portugal,Repeat,8,12794,860.41,2
2011,Portugal,Repeat,9,12425,777.2,1
2011,Portugal,Repeat,10,12784,532.8199999999999,2
2011,RSA,One-time,1,12446,1002.3100000000001,1
2011,Saudi Arabia,One-time,1,12565,145.92,1
2011,Singapore,Repeat,1,12744,21279.29,7
2011,Spain,One-time,1,12354,1079.4,1
2011,Spain,One-time,2,12550,964.8299999999999,1
2011,Spain,One-time,3,12448,449.45,1
2011,Spain,One-time,4,12544,372.7,1
2011,Spain,One-time,5,12442,172.06,1
2011,Spain,One-time,6,12548,95.19999999999999,1
2011,Spain,Repeat,1,12540,12519.23,16
2011,Spain,Repeat,2,12557,11370.960000000001,4
2011,Spain,Repeat,3,12539,5568.35,4
2011,Spain,Repeat,4,12484,4527.32,6
2011,Spain,Repeat,5,12597,3811.22,4
2011,Spain,Repeat,6,12502,3723.87,5
2011,Spain,Repeat,7,12454,3528.34,1
2011,Spain,Repeat,8,12507,1304.81,3
2011,Spain,Repeat,9,12462,1189.59,2
2011,Spain,Repeat,10,12546,1161.5,2
2011,Sweden,One-time,1,12715,343.36,1
2011,Sweden,One-time,2,12641,185.89999999999998,1
2011,Sweden,Repeat,1,17404,28072.52,13
2011,Sweden,Repeat,2,12483,2484.98,8
2011,Sweden,Repeat,3,12676,1331.39,6
2011,Sweden,Repeat,4,12697,957.59,3
2011,Sweden,Repeat,5,12638,671.69,1
2011,Sweden,Repeat,6,12639,486.1,1
2011,Switzerland,One-time,1,12398,1635.66,1
2011,Switzerland,Repeat,1,12409,11072.67,3
2011,Switzerland,Repeat,2,12451,9035.52,5
2011,Switzerland,Repeat,3,12357,6207.67,1
2011,Switzerland,Repeat,4,13505,4393.63,4
2011,Switzerland,Repeat,5,12378,4008.62,1
2011,Switzerland,Repeat,6,13520,3320.95,5
2011,Switzerland,Repeat,7,12456,3181.04,3
2011,Switzerland,Repeat,8,12457,1970.53,5
2011,Switzerland,Repeat,9,12371,1887.96,2
2011,Switzerland,Repeat,10,13501,1340.32,1
2011,USA,One-time,1,12607,1579.51,1
2011,USA,One-time,2,12558,269.96,1
2011,USA,Repeat,1,12646,1346.97,2
2011,USA,Repeat,2,12733,383.95,1
2011,United Arab Emirates,Repeat,1,12739,1013.04,2
2011,United Arab Emirates,Repeat,2,17829,889.24,1
2011,United Kingdom,One-time,1,15195,3861.0,1
2011,United Kingdom,One-time,2,13422,2626.3,1
2011,United Kingdom,One-time,3,17313,2328.84,1
2011,United Kingdom,One-time,4,17846,2033.1,1
2011,United Kingdom,One-time,5,14887,1862.0,1
2011,United Kingdom,One-time,6,16152,1829.04,1
2011,United Kingdom,One-time,7,16751,1764.72,1
2011,United Kingdom,One-time,8,16380,1743.15,1
2011,United Kingdom,One-time,9,15947,1708.24,1
2011,United Kingdom,One-time,10,16902,1706.88,1
2011,United Kingdom,Repeat,1,18102,231822.69,56
2011,United Kingdom,Repeat,2,17450,192361.95,44
2011,United Kingdom,Repeat,3,16446,168472.5,2
2011,United Kingdom,Repeat,4,17511,84351.3,28
2011,United Kingdom,Repeat,5,12346,77183.6,1
2011,United Kingdom,Repeat,6,16029,67738.31999999999,57
2011,United Kingdom,Repeat,7,14096,65164.79,17
2011,United Kingdom,Repeat,8,16684,63540.16,24
2011,United Kingdom,Repeat,9,13694,62142.58,48
2011,United Kingdom,Repeat,10,15311,57972.74,82
2011,Unspecified,Repeat,1,16320,1038.46,2
2011,Unspecified,Repeat,2,12363,552.0,2
2011,Unspecified,Repeat,3,12743,540.13,2
2011,Unspecified,Repeat,4,14265,530.18,2
