year_filter,country_filter,customer_type_filter,revenue,orders,customers,aov,repeat_rate_pct,quantity
All,All,All,20476260.448,40077,5878,510.92298445492423,72.38856753997959,11205148
All,All,One-time,560272.562,1623,1623,345.20798644485524,0.0,417807
All,All,Repeat,16814531.706,35346,4255,475.71243439144456,100.0,10096145
All,All,Unknown,3101456.18,3108,0,997.8945238095239,0.0,691196
All,Australia,All,169283.46,95,15,1781.9311578947368,66.66666666666667,103759
All,Austria,All,23613.010000000002,45,13,524.7335555555557,76.92307692307692,11578
All,Bahrain,All,3109.79,10,2,310.979,100.0,1339
All,Belgium,All,65387.82,149,29,438.84442953020135,75.86206896551724,34768
All,Bermuda,All,1253.1399999999999,1,0,1253.1399999999999,0.0,2798
All,Brazil,All,1411.87,2,2,705.935,0.0,545
All,Canada,All,4883.04,8,5,610.38,40.0,3657
All,Channel Islands,All,44623.33,55,13,811.3332727272727,92.3076923076923,21396
All,Cyprus,All,24849.95,37,11,671.6202702702703,72.72727272727273,10950
All,Czech Republic,All,826.74,2,1,413.37,100.0,671
All,Denmark,All,68580.69,43,12,1594.8997674418606,75.0,237471
All,EIRE,All,658767.31,626,5,1052.343945686901,60.0,336329
All,European Community,All,1300.25,4,1,325.0625,100.0,499
All,Finland,All,29925.54,57,14,525.0094736842105,71.42857142857143,14375
All,France,All,350456.09,622,95,563.4342282958199,70.52631578947368,271901
All,Germany,All,425019.711,789,107,538.6815095057034,78.50467289719626,225154
All,Greece,All,19096.19,18,5,1060.8994444444443,60.0,7724
All,Hong Kong,All,23685.52,15,0,1579.0346666666667,0.0,7021
All,Iceland,All,4921.53,8,1,615.19125,100.0,2967
All,Israel,All,11328.81,10,4,1132.8809999999999,50.0,5538
All,Italy,All,32108.170000000002,65,17,493.9718461538462,70.58823529411765,15312
All,Japan,All,43023.909999999996,33,10,1303.7548484848485,70.0,31643
All,Korea,All,1118.51,2,2,559.255,0.0,700
All,Lebanon,All,1905.58,2,1,952.79,0.0,458
All,Lithuania,All,4892.68,6,1,815.4466666666667,100.0,2306
All,Malta,All,8099.09,9,2,899.8988888888889,100.0,2519
All,Netherlands,All,554038.09,228,22,2429.9916228070174,72.72727272727273,383879
All,Nigeria,All,140.39,2,1,70.195,100.0,103
All,Norway,All,56322.5,45,13,1251.611111111111,53.84615384615385,23621
All,Poland,All,10654.289999999999,28,6,380.5103571428571,66.66666666666667,5688
All,Portugal,All,56283.53,95,24,592.4582105263157,75.0,27719
All,RSA,All,4804.32,4,2,1201.08,0.0,1970
All,Saudi Arabia,All,145.92,1,1,145.92,0.0,80
All,Singapore,All,25317.06,11,1,2301.550909090909,100.0,6994
All,Spain,All,108332.49,154,41,703.4577272727273,63.41463414634146,50307
All,Sweden,All,91869.82,105,19,874.9506666666667,47.36842105263158,88633
All,Switzerland,All,100685.59,93,22,1082.640752688172,95.45454545454545,52762
All,Thailand,All,3070.54,2,1,1535.27,100.0,2552
All,USA,All,8366.86,20,9,418.343,55.55555555555556,5264
All,United Arab Emirates,All,11097.63,16,4,693.601875,50.0,7321
All,United Kingdom,All,17410196.117,36535,5350,476.5347233337895,72.44859813084112,9187753
All,Unspecified,All,10927.16,24,6,455.29833333333335,66.66666666666667,6729
All,West Indies,All,536.41,1,1,536.41,0.0,395
All,Australia,One-time,1133.4,5,5,226.68,0.0,568
All,Australia,Repeat,168150.06,90,10,1868.334,100.0,103191
All,Austria,One-time,2249.17,2,2,1124.585,0.0,1402
All,Austria,Repeat,21363.84,43,11,496.83348837209303,90.9090909090909,10176
All,Bahrain,Repeat,1354.3700000000001,4,2,338.59250000000003,100.0,755
All,Bahrain,Unknown,1755.42,6,0,292.57,0.0,584
All,Belgium,One-time,3440.98,6,6,573.4966666666667,0.0,1371
All,Belgium,Repeat,61946.840000000004,143,23,433.19468531468533,95.65217391304348,33397
All,Bermuda,Unknown,1253.1399999999999,1,0,1253.1399999999999,0.0,2798
All,Brazil,One-time,1411.87,2,2,705.935,0.0,545
All,Canada,One-time,726.3399999999999,3,3,242.11333333333332,0.0,644
All,Canada,Repeat,4156.7,5,2,831.3399999999999,100.0,3013
All,Channel Islands,One-time,919.7,1,1,919.7,0.0,645
All,Channel Islands,Repeat,43703.63,54,12,809.3264814814814,100.0,20751
All,Cyprus,One-time,2018.33,3,3,672.7766666666666,0.0,971
All,Cyprus,Repeat,22831.62,34,8,671.5182352941176,100.0,9979
All,Czech Republic,Repeat,826.74,2,1,413.37,100.0,671
All,Denmark,One-time,168.9,1,1,168.9,0.0,173
All,Denmark,Repeat,68411.79,42,11,1628.8521428571428,81.81818181818181,237298
All,EIRE,One-time,107.14,1,1,107.14,0.0,1
All,EIRE,Repeat,616463.4,566,4,1089.1579505300354,75.0,318020
All,EIRE,Unknown,42196.77,59,0,715.1994915254237,0.0,18308
All,European Community,Repeat,1300.25,4,1,325.0625,100.0,499
All,Finland,One-time,2537.76,4,4,634.44,0.0,1304
All,Finland,Repeat,27387.78,53,10,516.7505660377358,100.0,13071
All,France,One-time,7870.29,27,27,291.4922222222222,0.0,4356
All,France,Repeat,340898.67,587,68,580.7473083475298,98.52941176470588,265932
All,France,Unknown,1687.1299999999999,8,0,210.89124999999999,0.0,1613
All,Germany,One-time,14213.881,22,22,646.0855,0.0,8029
All,Germany,Repeat,410805.83,767,85,535.6008213820079,98.82352941176471,217125
All,Greece,One-time,3765.01,2,2,1882.505,0.0,1989
All,Greece,Repeat,15331.18,16,3,958.19875,100.0,5735
All,Hong Kong,Unknown,23685.52,15,0,1579.0346666666667,0.0,7021
All,Iceland,Repeat,4921.53,8,1,615.19125,100.0,2967
All,Israel,One-time,6122.2300000000005,2,2,3061.1150000000002,0.0,3398
All,Israel,Repeat,4293.01,5,2,858.6020000000001,100.0,1777
All,Israel,Unknown,913.57,3,0,304.52333333333337,0.0,363
All,Italy,One-time,2958.77,5,5,591.754,0.0,1510
All,Italy,Repeat,29149.4,60,12,485.8233333333334,100.0,13802
All,Japan,One-time,561.07,3,3,187.02333333333334,0.0,445
All,Japan,Repeat,42462.84,30,7,1415.4279999999999,100.0,31198
All,Korea,One-time,1118.51,2,2,559.255,0.0,700
All,Lebanon,One-time,1693.88,1,1,1693.88,0.0,386
All,Lebanon,Unknown,211.7,1,0,211.7,0.0,72
All,Lithuania,Repeat,4892.68,6,1,815.4466666666667,100.0,2306
All,Malta,Repeat,8099.09,9,2,899.8988888888889,100.0,2519
All,Netherlands,One-time,2986.21,6,6,497.70166666666665,0.0,1914
All,Netherlands,Repeat,551051.88,222,16,2482.215675675676,100.0,381965
All,Nigeria,Repeat,140.39,2,1,70.195,100.0,103
All,Norway,One-time,7945.24,6,6,1324.2066666666667,0.0,4419
All,Norway,Repeat,48377.26,39,7,1240.4425641025641,100.0,19202
All,Poland,One-time,401.8,2,2,200.9,0.0,186
All,Poland,Repeat,10252.49,26,4,394.32653846153846,100.0,5502
All,Portugal,One-time,1902.72,6,6,317.12,0.0,884
All,Portugal,Repeat,53652.06,87,18,616.6903448275862,100.0,26539
All,Portugal,Unknown,728.75,2,0,364.375,0.0,296
All,RSA,One-time,1933.74,2,2,966.87,0.0,942
All,RSA,Unknown,2870.58,2,0,1435.29,0.0,1028
All,Saudi Arabia,One-time,145.92,1,1,145.92,0.0,80
All,Singapore,Repeat,25317.06,11,1,2301.550909090909,100.0,6994
All,Spain,One-time,6558.5,14,14,468.4642857142857,0.0,3559
All,Spain,Repeat,101773.99,140,27,726.9570714285715,96.29629629629629,46748
All,Sweden,One-time,5214.45,10,10,521.4449999999999,0.0,2820
All,Sweden,Repeat,86301.37,94,9,918.0996808510638,100.0,85675
All,Sweden,Unknown,354.0,1,0,354.0,0.0,138
All,Switzerland,One-time,1635.66,1,1,1635.66,0.0,1394
All,Switzerland,Repeat,98426.28,89,21,1105.9132584269662,100.0,50833
All,Switzerland,Unknown,623.65,3,0,207.88333333333333,0.0,535
All,Thailand,Repeat,3070.54,2,1,1535.27,100.0,2552
All,USA,One-time,2123.27,4,4,530.8175,0.0,1554
All,USA,Repeat,6243.59,16,5,390.224375,100.0,3710
All,United Arab Emirates,One-time,1719.22,2,2,859.61,0.0,1879
All,United Arab Emirates,Repeat,7483.47,9,2,831.4966666666667,100.0,3960
All,United Arab Emirates,Unknown,1894.9399999999998,5,0,378.98799999999994,0.0,1482
All,United Kingdom,One-time,473639.311,1474,1474,321.3292476255088,0.0,368988
All,United Kingdom,Repeat,13915595.606,32067,3876,433.95377197742226,100.0,8163423
All,United Kingdom,Unknown,3020961.2,2994,0,1009.0050768203073,0.0,655342
All,Unspecified,One-time,512.88,2,2,256.44,0.0,356
All,Unspecified,Repeat,8094.47,14,4,578.1764285714286,100.0,4757
All,Unspecified,Unknown,2319.81,8,0,289.97625,0.0,1616
All,West Indies,One-time,536.41,1,1,536.41,0.0,395
2009,All,All,822483.95,1682,955,488.99164684898926,29.94764397905759,425461
2010,All,All,9833100.424,19994,4231,491.8025619685906,66.48546442921295,5565285
2011,All,All,9820676.074000001,18401,4219,533.7033897070812,64.39914671723157,5214402
2009,All,One-time,19860.84,84,84,236.43857142857144,0.0,10933
2009,All,Repeat,663643.17,1428,871,464.7361134453782,32.83582089552239,387727
2009,All,Unknown,138979.94,170,0,817.5290588235295,0.0,26801
2010,All,One-time,284962.922,826,826,344.9914309927361,0.0,254687
2010,All,Repeat,8089533.172,17499,3405,462.2854547116978,82.61380323054333,5019650
2010,All,Unknown,1458604.33,1669,0,873.9390832834033,0.0,290948
2011,All,One-time,255448.8,713,713,358.27321178120616,0.0,152187
2011,All,Repeat,8061355.364,16419,3506,490.9772436811012,77.49572162007986,4688768
2011,All,Unknown,1503871.91,1269,0,1185.0842474389283,0.0,373447
2009,Australia,All,271.1,2,2,135.55,0.0,160
2009,Austria,All,1998.34,2,2,999.17,0.0,564
2009,Belgium,All,447.6,3,2,149.20000000000002,50.0,153
2009,Channel Islands,All,989.18,1,1,989.18,0.0,439
2009,Cyprus,All,3541.68,4,3,885.42,33.333333333333336,1572
2009,Denmark,All,1437.66,2,2,718.83,0.0,574
2009,EIRE,All,20099.74,20,2,1004.9870000000001,100.0,9414
2009,Finland,All,549.08,1,1,549.08,0.0,134
2009,France,All,6521.69,13,10,501.6684615384615,20.0,3688
2009,Germany,All,9830.27,18,10,546.1261111111112,30.0,4774
2009,Greece,All,610.95,1,1,610.95,0.0,441
2009,Italy,All,422.35,1,1,422.35,0.0,157
2009,Netherlands,All,15204.73,6,2,2534.1216666666664,50.0,10822
2009,Norway,All,485.31,1,1,485.31,0.0,182
2009,Poland,All,371.82,1,1,371.82,0.0,266
2009,Portugal,All,2821.58,2,2,1410.79,0.0,1575
2009,Spain,All,7950.18,5,4,1590.036,25.0,3279
2009,Sweden,All,285.29999999999995,1,1,285.29999999999995,0.0,174
2009,Switzerland,All,589.4,1,1,589.4,0.0,220
2009,USA,All,141.0,1,1,141.0,0.0,1
2009,United Arab Emirates,All,517.7,1,1,517.7,0.0,520
2009,United Kingdom,All,747397.29,1595,904,468.5876426332289,30.420353982300885,386352
2010,Australia,All,31523.9,39,15,808.3051282051282,46.666666666666664,20165
2010,Austria,All,11693.19,27,10,433.0811111111111,90.0,6184
2010,Bahrain,All,2561.39,8,2,320.17375,0.0,1079
2010,Belgium,All,25553.79,53,17,482.1469811320755,76.47058823529412,13133
2010,Bermuda,All,1253.1399999999999,1,0,1253.1399999999999,0.0,2798
2010,Brazil,All,268.27,1,1,268.27,0.0,189
2010,Canada,All,1216.66,2,1,608.33,100.0,894
2010,Channel Islands,All,23557.14,29,11,812.3151724137931,72.72727272727273,11552
2010,Cyprus,All,9392.49,18,8,521.805,50.0,3954
2010,Denmark,All,49469.19,24,9,2061.21625,77.77777777777777,229116
2010,EIRE,All,365560.31,335,5,1091.2248059701492,60.0,185678
2010,Finland,All,7723.18,16,7,482.69875,71.42857142857143,4791
2010,France,All,143907.34,238,47,604.6526890756303,78.72340425531915,161141
2010,Germany,All,201716.781,344,69,586.3859912790697,66.66666666666667,108091
2010,Greece,All,13724.72,12,4,1143.7266666666667,50.0,5726
2010,Hong Kong,All,8202.52,4,0,2050.63,0.0,2308
2010,Iceland,All,1323.32,2,1,661.66,100.0,828
2010,Israel,All,3199.4,2,2,1599.7,0.0,1132
2010,Italy,All,15014.08,28,12,536.2171428571429,66.66666666666667,7338
2010,Japan,All,13312.609999999999,17,7,783.0947058823529,28.571428571428573,9720
2010,Korea,All,1118.51,2,2,559.255,0.0,700
2010,Lebanon,All,211.7,1,0,211.7,0.0,72
2010,Lithuania,All,4892.68,6,1,815.4466666666667,100.0,2306
2010,Malta,All,5373.5,4,1,1343.375,100.0,1549
2010,Netherlands,All,262171.5,131,22,2001.3091603053435,63.63636363636363,179507
2010,Nigeria,All,140.39,2,1,70.195,100.0,103
2010,Norway,All,23458.87,10,4,2345.8869999999997,75.0,7685
2010,Poland,All,3195.98,9,2,355.1088888888889,100.0,1878
2010,Portugal,All,22218.87,41,18,541.9236585365853,61.111111111111114,10897
2010,RSA,All,3802.01,3,1,1267.3366666666668,0.0,1619
2010,Singapore,All,4037.77,4,1,1009.4425,100.0,1753
2010,Spain,All,40667.48,63,26,645.5155555555556,42.30769230769231,19962
2010,Sweden,All,57050.99,70,15,815.0141428571428,46.666666666666664,56335
2010,Switzerland,All,44333.51,40,14,1108.3377500000001,78.57142857142857,22639
2010,Thailand,All,3070.54,2,1,1535.27,100.0,2552
2010,USA,All,4645.47,14,5,331.81928571428574,80.0,2805
2010,United Arab Emirates,All,8677.65,12,3,723.1374999999999,66.66666666666667,5819
2010,United Kingdom,All,8407136.953,18368,3887,457.70562679660276,66.63236429122716,4467458
2010,Unspecified,All,6186.22,11,4,562.3836363636364,50.0,3434
2010,West Indies,All,536.41,1,1,536.41,0.0,395
2011,Australia,All,137488.46,54,9,2546.0825925925924,88.88888888888889,83434
2011,Austria,All,9921.48,16,10,620.0925,40.0,4830
2011,Bahrain,All,548.4,2,2,274.2,0.0,260
2011,Belgium,All,39386.43,93,25,423.51,72.0,21482
2011,Brazil,All,1143.6,1,1,1143.6,0.0,356
2011,Canada,All,3666.38,6,4,611.0633333333334,25.0,2763
2011,Channel Islands,All,20077.01,25,8,803.0803999999999,75.0,9405
2011,Cyprus,All,11915.78,15,8,794.3853333333334,62.5,5424
2011,Czech Republic,All,826.74,2,1,413.37,100.0,671
2011,Denmark,All,17673.84,17,9,1039.6376470588236,66.66666666666667,7781
2011,EIRE,All,273107.26,271,3,1007.7758671586716,100.0,141237
2011,European Community,All,1300.25,4,1,325.0625,100.0,499
2011,Finland,All,21653.28,40,12,541.332,58.333333333333336,9450
2011,France,All,200027.06,371,84,539.1564959568733,70.23809523809524,107072
2011,Germany,All,213472.66,427,93,499.9359718969555,70.96774193548387,112289
2011,Greece,All,4760.52,5,4,952.104,25.0,1557
2011,Hong Kong,All,15483.0,11,0,1407.5454545454545,0.0,4713
2011,Iceland,All,3598.21,6,1,599.7016666666667,100.0,2139
2011,Israel,All,8129.41,8,3,1016.17625,66.66666666666667,4406
2011,Italy,All,16671.74,36,12,463.10388888888895,50.0,7817
2011,Japan,All,29711.3,16,8,1856.95625,37.5,21923
2011,Lebanon,All,1693.88,1,1,1693.88,0.0,386
2011,Malta,All,2725.59,5,2,545.118,50.0,970
2011,Netherlands,All,276661.86,91,8,3040.24021978022,62.5,193550
2011,Norway,All,32378.32,34,10,952.3035294117647,60.0,15754
2011,Poland,All,7086.49,18,6,393.69388888888886,66.66666666666667,3544
2011,Portugal,All,31243.08,52,17,600.8284615384616,64.70588235294117,15247
2011,RSA,All,1002.3100000000001,1,1,1002.3100000000001,0.0,351
2011,Saudi Arabia,All,145.92,1,1,145.92,0.0,80
2011,Singapore,All,21279.29,7,1,3039.8985714285714,100.0,5241
2011,Spain,All,59714.83,86,29,694.358488372093,65.51724137931035,27066
2011,Sweden,All,34533.53,34,8,1015.6920588235294,50.0,32124
2011,Switzerland,All,55762.68,52,21,1072.3592307692309,66.66666666666667,29903
2011,USA,All,3580.39,5,4,716.078,25.0,2458
2011,United Arab Emirates,All,1902.28,3,2,634.0933333333334,50.0,982
2011,United Kingdom,All,8255661.874,16572,3813,498.16931414433986,64.25386834513506,4333943
2011,Unspecified,All,4740.94,13,4,364.68769230769226,100.0,3295
2009,Australia,Repeat,271.1,2,2,135.55,0.0,160
2009,Austria,Repeat,1998.34,2,2,999.17,0.0,564
2009,Belgium,Repeat,447.6,3,2,149.20000000000002,50.0,153
2009,Channel Islands,Repeat,989.18,1,1,989.18,0.0,439
2009,Cyprus,Repeat,3541.68,4,3,885.42,33.333333333333336,1572
2009,Denmark,Repeat,1437.66,2,2,718.83,0.0,574
2009,EIRE,Repeat,18170.46,16,2,1135.65375,100.0,8615
2009,EIRE,Unknown,1929.28,4,0,482.32,0.0,799
2009,Finland,Repeat,549.08,1,1,549.08,0.0,134
2009,France,Repeat,6521.69,13,10,501.6684615384615,20.0,3688
2009,Germany,Repeat,9830.27,18,10,546.1261111111112,30.0,4774
2009,Greece,Repeat,610.95,1,1,610.95,0.0,441
2009,Italy,Repeat,422.35,1,1,422.35,0.0,157
2009,Netherlands,Repeat,15204.73,6,2,2534.1216666666664,50.0,10822
2009,Norway,One-time,485.31,1,1,485.31,0.0,182
2009,Poland,Repeat,371.82,1,1,371.82,0.0,266
2009,Portugal,Repeat,2821.58,2,2,1410.79,0.0,1575
2009,Spain,Repeat,7950.18,5,4,1590.036,25.0,3279
2009,Sweden,One-time,285.29999999999995,1,1,285.29999999999995,0.0,174
2009,Switzerland,Repeat,589.4,1,1,589.4,0.0,220
2009,USA,One-time,141.0,1,1,141.0,0.0,1
2009,United Arab Emirates,One-time,517.7,1,1,517.7,0.0,520
2009,United Kingdom,One-time,18431.53,80,80,230.39412499999997,0.0,10056
2009,United Kingdom,Repeat,591915.1,1349,824,438.780652335063,33.37378640776699,350294
2009,United Kingdom,Unknown,137050.66,166,0,825.6063855421687,0.0,26002
2010,Australia,One-time,1133.4,5,5,226.68,0.0,568
2010,Australia,Repeat,30390.5,34,10,893.8382352941177,70.0,19597
2010,Austria,Repeat,11693.19,27,10,433.0811111111111,90.0,6184
2010,Bahrain,Repeat,805.97,2,2,402.985,0.0,495
2010,Bahrain,Unknown,1755.42,6,0,292.57,0.0,584
2010,Belgium,One-time,2330.35,3,3,776.7833333333333,0.0,817
2010,Belgium,Repeat,23223.44,50,14,464.4688,92.85714285714286,12316
2010,Bermuda,Unknown,1253.1399999999999,1,0,1253.1399999999999,0.0,2798
2010,Brazil,One-time,268.27,1,1,268.27,0.0,189
2010,Canada,Repeat,1216.66,2,1,608.33,100.0,894
2010,Channel Islands,One-time,919.7,1,1,919.7,0.0,645
2010,Channel Islands,Repeat,22637.44,28,10,808.4799999999999,80.0,10907
2010,Cyprus,One-time,1417.94,2,2,708.97,0.0,626
2010,Cyprus,Repeat,7974.55,16,6,498.409375,66.66666666666667,3328
2010,Denmark,Repeat,49469.19,24,9,2061.21625,77.77777777777777,229116
2010,EIRE,One-time,107.14,1,1,107.14,0.0,1
2010,EIRE,Repeat,341844.36,305,4,1120.801180327869,75.0,174515
2010,EIRE,Unknown,23608.81,29,0,814.0968965517242,0.0,11162
2010,Finland,One-time,63.24,1,1,63.24,0.0,1
2010,Finland,Repeat,7659.9400000000005,15,6,510.6626666666667,83.33333333333333,4790
2010,France,One-time,1008.2,6,6,168.03333333333333,0.0,537
2010,France,Repeat,141903.07,227,41,625.1236563876653,90.2439024390244,159623
2010,France,Unknown,996.0699999999999,5,0,199.214,0.0,981
2010,Germany,One-time,5347.6810000000005,8,8,668.4601250000001,0.0,2947
2010,Germany,Repeat,196369.1,336,61,584.4318452380952,75.40983606557377,105144
2010,Greece,One-time,3084.02,1,1,3084.02,0.0,1753
2010,Greece,Repeat,10640.7,11,3,967.3363636363637,66.66666666666667,3973
2010,Hong Kong,Unknown,8202.52,4,0,2050.63,0.0,2308
2010,Iceland,Repeat,1323.32,2,1,661.66,100.0,828
2010,Israel,One-time,1248.42,1,1,1248.42,0.0,370
2010,Israel,Repeat,1950.98,1,1,1950.98,0.0,762
2010,Italy,One-time,1588.1399999999999,3,3,529.38,0.0,568
2010,Italy,Repeat,13425.94,25,9,537.0376,88.88888888888889,6770
2010,Japan,One-time,219.35,1,1,219.35,0.0,137
2010,Japan,Repeat,13093.26,16,6,818.32875,33.333333333333336,9583
2010,Korea,One-time,1118.51,2,2,559.255,0.0,700
2010,Lebanon,Unknown,211.7,1,0,211.7,0.0,72
2010,Lithuania,Repeat,4892.68,6,1,815.4466666666667,100.0,2306
2010,Malta,Repeat,5373.5,4,1,1343.375,100.0,1549
2010,Netherlands,One-time,2986.21,6,6,497.70166666666665,0.0,1914
2010,Netherlands,Repeat,259185.29,125,16,2073.48232,87.5,177593
2010,Nigeria,Repeat,140.39,2,1,70.195,100.0,103
2010,Norway,One-time,1993.34,1,1,1993.34,0.0,1450
2010,Norway,Repeat,21465.53,9,3,2385.0588888888888,100.0,6235
2010,Poland,Repeat,3195.98,9,2,355.1088888888889,100.0,1878
2010,Portugal,One-time,579.77,4,4,144.9425,0.0,260
2010,Portugal,Repeat,21217.56,36,14,589.3766666666667,78.57142857142857,10477
2010,Portugal,Unknown,421.54,1,0,421.54,0.0,160
2010,RSA,One-time,931.43,1,1,931.43,0.0,591
2010,RSA,Unknown,2870.58,2,0,1435.29,0.0,1028
2010,Singapore,Repeat,4037.77,4,1,1009.4425,100.0,1753
2010,Spain,One-time,3424.86,8,8,428.1075,0.0,1850
2010,Spain,Repeat,37242.62,55,18,677.1385454545455,61.111111111111114,18112
2010,Sweden,One-time,4399.89,7,7,628.5557142857143,0.0,2382
2010,Sweden,Repeat,52297.1,62,8,843.5016129032258,87.5,53815
2010,Sweden,Unknown,354.0,1,0,354.0,0.0,138
2010,Switzerland,Repeat,44333.51,40,14,1108.3377500000001,78.57142857142857,22639
2010,Thailand,Repeat,3070.54,2,1,1535.27,100.0,2552
2010,USA,One-time,132.8,1,1,132.8,0.0,129
2010,USA,Repeat,4512.67,13,4,347.1284615384615,100.0,2676
2010,United Arab Emirates,One-time,1201.52,1,1,1201.52,0.0,1359
2010,United Arab Emirates,Repeat,5581.1900000000005,6,2,930.1983333333334,100.0,2978
2010,United Arab Emirates,Unknown,1894.9399999999998,5,0,378.98799999999994,0.0,1482
2010,United Kingdom,One-time,248409.451,758,758,327.7169538258575,0.0,234142
2010,United Kingdom,Repeat,6741931.532,15999,3129,421.3970580661291,82.77404921700224,3963187
2010,United Kingdom,Unknown,1416795.97,1611,0,879.4512538795778,0.0,270129
2010,Unspecified,One-time,512.88,2,2,256.44,0.0,356
2010,Unspecified,Repeat,5433.7,6,2,905.6166666666667,100.0,2972
2010,Unspecified,Unknown,239.64,3,0,79.88,0.0,106
2010,West Indies,One-time,536.41,1,1,536.41,0.0,395
2011,Australia,Repeat,137488.46,54,9,2546.0825925925924,88.88888888888889,83434
2011,Austria,One-time,2249.17,2,2,1124.585,0.0,1402
2011,Austria,Repeat,7672.31,14,8,548.0221428571429,50.0,3428
2011,Bahrain,Repeat,548.4,2,2,274.2,0.0,260
2011,Belgium,One-time,1110.63,3,3,370.21000000000004,0.0,554
2011,Belgium,Repeat,38275.8,90,22,425.2866666666667,81.81818181818181,20928
2011,Brazil,One-time,1143.6,1,1,1143.6,0.0,356
2011,Canada,One-time,726.3399999999999,3,3,242.11333333333332,0.0,644
2011,Canada,Repeat,2940.04,3,1,980.0133333333333,100.0,2119
2011,Channel Islands,Repeat,20077.01,25,8,803.0803999999999,75.0,9405
2011,Cyprus,One-time,600.39,1,1,600.39,0.0,345
2011,Cyprus,Repeat,11315.39,14,7,808.2421428571428,71.42857142857143,5079
2011,Czech Republic,Repeat,826.74,2,1,413.37,100.0,671
2011,Denmark,One-time,168.9,1,1,168.9,0.0,173
2011,Denmark,Repeat,17504.940000000002,16,8,1094.0587500000001,75.0,7608
2011,EIRE,Repeat,256448.58,245,3,1046.7288979591835,100.0,134890
2011,EIRE,Unknown,16658.68,26,0,640.7184615384615,0.0,6347
2011,European Community,Repeat,1300.25,4,1,325.0625,100.0,499
2011,Finland,One-time,2474.52,3,3,824.84,0.0,1303
2011,Finland,Repeat,19178.76,37,9,518.3448648648648,77.77777777777777,8147
2011,France,One-time,6862.09,21,21,326.7661904761905,0.0,3819
2011,France,Repeat,192473.91,347,63,554.679855907781,93.65079365079364,102621
2011,France,Unknown,691.06,3,0,230.35333333333332,0.0,632
2011,Germany,One-time,8866.2,14,14,633.3000000000001,0.0,5082
2011,Germany,Repeat,204606.46,413,79,495.4151573849879,83.54430379746836,107207
2011,Greece,One-time,680.99,1,1,680.99,0.0,236
2011,Greece,Repeat,4079.53,4,3,1019.8825,33.333333333333336,1321
2011,Hong Kong,Unknown,15483.0,11,0,1407.5454545454545,0.0,4713
2011,Iceland,Repeat,3598.21,6,1,599.7016666666667,100.0,2139
2011,Israel,One-time,4873.81,1,1,4873.81,0.0,3028
2011,Israel,Repeat,2342.03,4,2,585.5075,100.0,1015
2011,Israel,Unknown,913.57,3,0,304.52333333333337,0.0,363
2011,Italy,One-time,1370.63,2,2,685.315,0.0,942
2011,Italy,Repeat,15301.11,34,10,450.03264705882356,60.0,6875
2011,Japan,One-time,341.72,2,2,170.86,0.0,308
2011,Japan,Repeat,29369.579999999998,14,6,2097.827142857143,50.0,21615
2011,Lebanon,One-time,1693.88,1,1,1693.88,0.0,386
2011,Malta,Repeat,2725.59,5,2,545.118,50.0,970
2011,Netherlands,Repeat,276661.86,91,8,3040.24021978022,62.5,193550
2011,Norway,One-time,5466.59,4,4,1366.6475,0.0,2787
2011,Norway,Repeat,26911.73,30,6,897.0576666666667,100.0,12967
2011,Poland,One-time,401.8,2,2,200.9,0.0,186
2011,Poland,Repeat,6684.69,16,4,417.793125,100.0,3358
2011,Portugal,One-time,1322.95,2,2,661.475,0.0,624
2011,Portugal,Repeat,29612.920000000002,49,15,604.3453061224491,73.33333333333333,14487
2011,Portugal,Unknown,307.21,1,0,307.21,0.0,136
2011,RSA,One-time,1002.3100000000001,1,1,1002.3100000000001,0.0,351
2011,Saudi Arabia,One-time,145.92,1,1,145.92,0.0,80
2011,Singapore,Repeat,21279.29,7,1,3039.8985714285714,100.0,5241
2011,Spain,One-time,3133.64,6,6,522.2733333333333,0.0,1709
2011,Spain,Repeat,56581.19,80,23,707.2648750000001,82.6086956521739,25357
2011,Sweden,One-time,529.26,2,2,264.63,0.0,264
2011,Sweden,Repeat,34004.27,32,6,1062.6334375,66.66666666666667,31860
2011,Switzerland,One-time,1635.66,1,1,1635.66,0.0,1394
2011,Switzerland,Repeat,53503.37,48,20,1114.6535416666668,70.0,27974
2011,Switzerland,Unknown,623.65,3,0,207.88333333333333,0.0,535
2011,USA,One-time,1849.47,2,2,924.735,0.0,1424
2011,USA,Repeat,1730.92,3,2,576.9733333333334,50.0,1034
2011,United Arab Emirates,Repeat,1902.28,3,2,634.0933333333334,50.0,982
2011,United Kingdom,One-time,206798.33,636,636,325.154606918239,0.0,124790
2011,United Kingdom,Repeat,6581748.974,14719,3177,447.1600634553978,77.11677683349072,3849942
2011,United Kingdom,Unknown,1467114.57,1217,0,1205.5173130649139,0.0,359211
2011,Unspecified,Repeat,2660.77,8,4,332.59625,100.0,1785
2011,Unspecified,Unknown,2080.17,5,0,416.034,0.0,1510
